desfecho,variavel,especificacao,beta,rr,ic95_low,ic95_high,p_valor,atenuacao_pct,atenuacao_lo,atenuacao_hi,variancia
ia_total,Negra,bruto,0.5657626838996201,1.760790197071753,1.7103124427068135,1.8127577398648784,0.0,0.0,,,C: 200 pesos replicados (bootstrap Rao-Wu-Yue; mse; divisor R-1)
ia_total,Negra,so_renda,0.2750123508634515,1.3165469352586314,1.282651678275776,1.3513379057585644,0.0,51.390864281136416,48.91615488994319,53.86557367232964,C: 200 pesos replicados (bootstrap Rao-Wu-Yue; mse; divisor R-1)
ia_total,Negra,renda_e_demais,0.2662092162354211,1.3050080590011814,1.2717203653010203,1.3391670688979764,0.0,52.94684082016039,50.41688680516294,55.47679483515784,C: 200 pesos replicados (bootstrap Rao-Wu-Yue; mse; divisor R-1)
ia_total,Mulher,bruto,0.31183043272423167,1.3659230575393593,1.3387172499521767,1.3936817495885125,0.0,0.0,,,C: 200 pesos replicados (bootstrap Rao-Wu-Yue; mse; divisor R-1)
ia_total,Mulher,so_renda,0.1584846807899726,1.1717339740488644,1.1497812509531897,1.1941058395256798,0.0,49.176005880693154,45.72086459454531,52.631147166841,C: 200 pesos replicados (bootstrap Rao-Wu-Yue; mse; divisor R-1)
ia_total,Mulher,renda_e_demais,0.16762386418721142,1.1824917494936382,1.1608301726492465,1.204557540427602,0.0,46.24518757749018,42.88660259563335,49.60377255934701,C: 200 pesos replicados (bootstrap Rao-Wu-Yue; mse; divisor R-1)
ia_total,Sem instrução,bruto,0.46233020136256375,1.5877695003279797,1.5540846390439338,1.6221844826435439,0.0,0.0,,,C: 200 pesos replicados (bootstrap Rao-Wu-Yue; mse; divisor R-1)
ia_total,Sem instrução,so_renda,0.2210119089893902,1.2473382850140162,1.2231092453465848,1.2720472870114188,0.0,52.19609094581503,49.75502832320228,54.63715356842778,C: 200 pesos replicados (bootstrap Rao-Wu-Yue; mse; divisor R-1)
ia_total,Sem instrução,renda_e_demais,0.23066833776752244,1.2594414610057634,1.2357705002471011,1.2835658347429084,0.0,50.10744764505874,47.7164262549009,52.49846903521658,C: 200 pesos replicados (bootstrap Rao-Wu-Yue; mse; divisor R-1)
ia_total,Rural,bruto,0.25583860522118634,1.291544262616956,1.2486439968170049,1.3359184736009613,0.0,0.0,,,C: 200 pesos replicados (bootstrap Rao-Wu-Yue; mse; divisor R-1)
ia_total,Rural,so_renda,-0.04157345010904649,0.9592788736159202,0.9291493837078048,0.9903853712883853,0.0106700017507666,116.2498736549568,101.7443502468732,130.75539706304042,C: 200 pesos replicados (bootstrap Rao-Wu-Yue; mse; divisor R-1)
ia_total,Rural,renda_e_demais,-0.08125714845089767,0.9219565812529913,0.8941158415302799,0.9506642184763455,2.0587475058064797e-07,131.76109734519795,115.81157729631656,147.71061739407935,C: 200 pesos replicados (bootstrap Rao-Wu-Yue; mse; divisor R-1)
ia_grave,Negra,bruto,0.8065529942032564,2.240172774136135,2.0819521718346605,2.410417552271861,0.0,0.0,,,C: 200 pesos replicados (bootstrap Rao-Wu-Yue; mse; divisor R-1)
ia_grave,Negra,so_renda,0.3981871048708477,1.4891226259397303,1.3838544973287539,1.602398373070318,0.0,50.631005311164714,45.74159411096992,55.52041651135951,C: 200 pesos replicados (bootstrap Rao-Wu-Yue; mse; divisor R-1)
ia_grave,Negra,renda_e_demais,0.3637850217434314,1.4387648777439066,1.336521879692402,1.5488293943275027,0.0,54.89632741332861,49.570102783560976,60.22255204309625,C: 200 pesos replicados (bootstrap Rao-Wu-Yue; mse; divisor R-1)
ia_grave,Mulher,bruto,0.2846450874337138,1.3292901626079765,1.2438235925062562,1.4206293778733363,0.0,0.0,,,C: 200 pesos replicados (bootstrap Rao-Wu-Yue; mse; divisor R-1)
ia_grave,Mulher,so_renda,0.05241457604374766,1.053812537397367,0.9878175302951439,1.1242165986303883,0.11217530522425556,81.58598958573154,60.21253514686275,102.95944402460033,C: 200 pesos replicados (bootstrap Rao-Wu-Yue; mse; divisor R-1)
ia_grave,Mulher,renda_e_demais,0.07936677731305984,1.082601322864737,1.0162851309942182,1.1532448803239912,0.013861599404679792,72.11728541370235,53.73302474344284,90.50154608396186,C: 200 pesos replicados (bootstrap Rao-Wu-Yue; mse; divisor R-1)
ia_grave,Sem instrução,bruto,1.0474952586075779,2.8505023976080905,2.6820942198036857,3.029484892355573,0.0,0.0,,,C: 200 pesos replicados (bootstrap Rao-Wu-Yue; mse; divisor R-1)
ia_grave,Sem instrução,so_renda,0.7214096446502908,2.057331273568206,1.937098062394634,2.185027207125196,0.0,31.130032453869873,29.07509138665702,33.184973521082725,C: 200 pesos replicados (bootstrap Rao-Wu-Yue; mse; divisor R-1)
ia_grave,Sem instrução,renda_e_demais,0.7478898605162758,2.1125375611481374,1.9890021508120617,2.2437456618333274,0.0,28.602076775942997,26.456963150717336,30.74719040116866,C: 200 pesos replicados (bootstrap Rao-Wu-Yue; mse; divisor R-1)
ia_grave,Rural,bruto,0.33718371373731315,1.400996422386371,1.2868769524659165,1.5252359378869178,7.327471962526033e-15,0.0,,,C: 200 pesos replicados (bootstrap Rao-Wu-Yue; mse; divisor R-1)
ia_grave,Rural,so_renda,-0.10178950024732226,0.9032196591742533,0.8308067005695154,0.9819441178791912,0.016972421703364216,130.18814257637086,98.46912658577344,161.9071585669683,C: 200 pesos replicados (bootstrap Rao-Wu-Yue; mse; divisor R-1)
ia_grave,Rural,renda_e_demais,-0.2784229096884508,0.7569766210641928,0.699930436407329,0.8186722208838103,3.289590821964339e-12,182.5730598321126,139.53504213586135,225.61107752836384,C: 200 pesos replicados (bootstrap Rao-Wu-Yue; mse; divisor R-1)
