"desfecho","termo","beta","se","or","or_lo","or_hi"
"ia_total","(Intercept)",-3.05402197778325,0.0353747488670922,0.0471688303825921,0.0440092039805659,0.0505553011284695
"ia_total","raca_catnegra",0.44796394735497,0.0190105837424404,1.56512226783879,1.50787775687508,1.62453998814957
"ia_total","sexo_catmulher",0.303565470197054,0.0187584221823191,1.3546802792236,1.30577790990206,1.40541407922499
"ia_total","instrucao_catfund_med",0.397826729853916,0.0321491097348382,1.48858608003287,1.39768105607285,1.58540355686995
"ia_total","instrucao_catmedio_comp",0.250056017228933,0.0301422051089264,1.28409734624809,1.21043196917222,1.36224590611981
"ia_total","instrucao_catsem_fund",0.635967633092555,0.0292248353061267,1.88884897023665,1.78369482248012,2.0002022696928
"ia_total","renda_catq1",2.33611670680355,0.036947371424084,10.3410013505421,9.61861091587451,11.1176457668567
"ia_total","renda_catq2",2.1232608600824,0.0353946264142951,8.35834850290726,7.79815675502184,8.95878242650899
"ia_total","renda_catq3",1.48639053722787,0.0339368174952172,4.42110885689876,4.13660074688039,4.72518493337541
"ia_total","renda_catq4",0.826515847173165,0.0341106827731708,2.28534237080653,2.1375469979621,2.44335668726017
"ia_total","rural_catrural",-0.15598567696746,0.0204026195847851,0.855571444660902,0.822032940314443,0.890478302048501
"ia_grave","(Intercept)",-5.99160358218098,0.0940870554758167,0.00249965243647982,0.00207869661120052,0.00300585581827207
"ia_grave","raca_catnegra",0.383436754407862,0.0307761105195827,1.46731874807097,1.38142500372756,1.55855316259005
"ia_grave","sexo_catmulher",0.113467285856413,0.028205299133098,1.1201552433735,1.0599109546578,1.18382375778185
"ia_grave","instrucao_catfund_med",0.765278653652919,0.0679518865523575,2.14959328322798,1.88154445088532,2.45582892348072
"ia_grave","instrucao_catmedio_comp",0.416525891968685,0.0656121143583048,1.51668327072969,1.33365880688459,1.72482506907808
"ia_grave","instrucao_catsem_fund",1.27850371169683,0.0617870637169175,3.59126213982984,3.18165361645786,4.05360397821483
"ia_grave","renda_catq1",2.90086628624355,0.0901852873360325,18.189896202945,15.2427369353021,21.7068840903247
"ia_grave","renda_catq2",2.37949976547668,0.0900107283687355,10.7994992301524,9.05284196660444,12.8831569193742
"ia_grave","renda_catq3",1.73076633334609,0.0894643380176152,5.64497818631967,4.73705782439063,6.72691360446377
"ia_grave","renda_catq4",1.15265454734352,0.0905641522618575,3.1665876194362,2.65156175764153,3.7816494836181
"ia_grave","rural_catrural",-0.317402257512643,0.0309229632743407,0.728037837525866,0.68522278122435,0.773528124564496
