"desfecho","estrato","n","u","se_u","z","p_aditivo","p_completo","dif_pp","p_nulo_shrunk","obs_naoponderada","obs_ponderada"
"ia_total","nao_negra__homem__fund_med__mais_2sm__rural",190,-0.00372978149614491,0.0697276057460704,-0.0534907438199985,0.0566694800281818,0.0564704225596978,-0.0199057468483962,0.0620908674900038,0.0526315789473684,0.042715357321919
"ia_total","nao_negra__homem__fund_med__mais_2sm__urbano",572,-0.0109691186696639,0.0658967051658439,-0.166459288701273,0.0656081938869726,0.0649389413108787,-0.0669252576093876,0.064259958304129,0.0611888111888112,0.0553608995689752
"ia_total","nao_negra__homem__fund_med__q1__rural",96,-0.00359915407931418,0.0676933784851474,-0.0531684805789959,0.383181932515419,0.38233161814035,-0.0850314375068995,0.368622787485225,0.375,0.27186883674125
"ia_total","nao_negra__homem__fund_med__q1__urbano",163,-0.023668998637931,0.0652154227333434,-0.362935600903948,0.420656606896298,0.414899443038427,-0.575716385787078,0.382349639016135,0.386503067484663,0.397662324169265
"ia_total","nao_negra__homem__fund_med__q2__rural",187,-0.0316908722910797,0.0649945952748807,-0.487592424524685,0.334273353250337,0.327258464605869,-0.701488864446848,0.292875891108178,0.294117647058824,0.273241657588318
"ia_total","nao_negra__homem__fund_med__q2__urbano",240,0.064459601390682,0.0629465726608856,1.02403671345138,0.369832749086494,0.384977304670909,1.51445555844151,0.433697712404744,0.4375,0.423306959120887
"ia_total","nao_negra__homem__fund_med__q3__rural",360,-0.0968091088726039,0.0630062270490636,-1.53650065091531,0.209856536987203,0.194254387975283,-1.56021490119202,0.143796853018251,0.141666666666667,0.149680754960475
"ia_total","nao_negra__homem__fund_med__q3__urbano",757,0.011039878501727,0.0547835911738273,0.201517977649506,0.23689028554585,0.238891794024899,0.200150847904951,0.241818993556881,0.241743725231176,0.245912225980805
"ia_total","nao_negra__homem__fund_med__q4__rural",419,-0.0274664410511146,0.0646698061602047,-0.424718159554596,0.120716231692542,0.11783107633467,-0.288515535787209,0.107714409414864,0.105011933174224,0.0948028663808404
"ia_total","nao_negra__homem__fund_med__q4__urbano",1109,-0.059556950610733,0.0557213783102981,-1.0688348425101,0.138276470094218,0.131331564687686,-0.694490540653175,0.12171289614436,0.12082957619477,0.132200233582627
"ia_total","nao_negra__homem__medio_comp__mais_2sm__rural",343,-0.0279016713322285,0.0688065594773056,-0.405508886713501,0.0492682713770785,0.0479776465780439,-0.129062479903462,0.0388977365011514,0.032069970845481,0.0353004870575732
"ia_total","nao_negra__homem__medio_comp__mais_2sm__urbano",2034,0.0255857823423358,0.0570181960583593,0.448730126715132,0.057110238743258,0.058503713212693,0.139347446943504,0.0618494890914766,0.0609636184857424,0.0755410628261927
"ia_total","nao_negra__homem__medio_comp__q1__rural",106,0.0182773294618271,0.0674556404420701,0.270953316016966,0.348909759537129,0.353073233898898,0.416347436176967,0.380487967723235,0.386792452830189,0.322340977812386
"ia_total","nao_negra__homem__medio_comp__q1__urbano",229,-0.0569075485331223,0.0633675122985066,-0.898055588249177,0.385125422564015,0.371740608644659,-1.33848139193558,0.321480116019499,0.323144104803493,0.323100479625315
"ia_total","nao_negra__homem__medio_comp__q2__rural",238,0.0409049919158925,0.0636868183524376,0.64228348933256,0.302232201920476,0.310927701157942,0.869549923746527,0.34249594065107,0.34453781512605,0.380382699037653
"ia_total","nao_negra__homem__medio_comp__q2__urbano",455,0.120643030036813,0.0576551141322172,2.09249486108291,0.336103949649149,0.36353309793909,2.7429148289941,0.413579475707213,0.415384615384615,0.409086039107616
"ia_total","nao_negra__homem__medio_comp__q3__rural",436,-0.0509209046232811,0.0620681663058962,-0.820402915921875,0.186401947590522,0.178802469334545,-0.759947825597726,0.157451078037472,0.155963302752294,0.176717985991589
"ia_total","nao_negra__homem__medio_comp__q3__urbano",1551,0.0748450070537479,0.0463677342461842,1.61416140491935,0.211221962685422,0.223961074878601,1.27391121931794,0.233467443506476,0.233397807865893,0.248965093746858
"ia_total","nao_negra__homem__medio_comp__q4__rural",503,-0.0382003681253576,0.064314428395762,-0.593962646924105,0.105889261549472,0.102326644812906,-0.356261673656681,0.0901606252145458,0.0874751491053678,0.0686710838879329
"ia_total","nao_negra__homem__medio_comp__q4__urbano",2700,-0.0109696727723515,0.0455702359898098,-0.240720122116649,0.121590919851068,0.120424141773259,-0.116677807780896,0.119999057592088,0.11962962962963,0.130271231427117
"ia_total","nao_negra__homem__sem_fund__mais_2sm__rural",664,-0.0927362448027371,0.0651098083771428,-1.424305294612,0.0708279633162096,0.0649625114584935,-0.586545185771614,0.0410827035982171,0.0376506024096386,0.0279229851251331
"ia_total","nao_negra__homem__sem_fund__mais_2sm__urbano",844,-0.031164370136283,0.0623399199146058,-0.499910333201782,0.0818062825805073,0.0794957018339648,-0.231058074654249,0.0741545222654412,0.0722748815165877,0.0781772429580243
"ia_total","nao_negra__homem__sem_fund__q1__rural",551,0.0877126089558473,0.0548382390641654,1.59947894849826,0.440798180427828,0.462517773792425,2.17195933645963,0.491523958662945,0.493647912885662,0.474601716205124
"ia_total","nao_negra__homem__sem_fund__q1__urbano",376,-0.0114113716650829,0.0587878113565024,-0.194111183964339,0.479527043484599,0.476679679665311,-0.284736381928807,0.467910734343162,0.470744680851064,0.519114343908825
"ia_total","nao_negra__homem__sem_fund__q2__rural",777,0.0775614142284991,0.0510845822569652,1.51829399011918,0.389175529382778,0.407763729786921,1.85882004041428,0.426153822324837,0.427284427284427,0.449002742802272
"ia_total","nao_negra__homem__sem_fund__q2__urbano",650,0.0325687763527895,0.053052523693468,0.613896834408265,0.426830749774945,0.434816904485165,0.798615471022002,0.443146114486986,0.444615384615385,0.454474515892024
"ia_total","nao_negra__homem__sem_fund__q3__rural",1659,-0.0279948604712161,0.0445451412805429,-0.628460471028837,0.252061154159033,0.246820106359221,-0.524104779981169,0.243548260363332,0.243520192887281,0.252886652645001
"ia_total","nao_negra__homem__sem_fund__q3__urbano",1677,0.0832735542948314,0.0427345810628243,1.94862222171806,0.28258728599085,0.299770647647412,1.71833616565615,0.309291254843331,0.309481216457961,0.315320846753176
"ia_total","nao_negra__homem__sem_fund__q4__rural",2515,-0.077514443937874,0.0448904490298157,-1.72674690525795,0.148359744170437,0.13883037639932,-0.952936777111724,0.133147400940731,0.132803180914513,0.131498659527888
"ia_total","nao_negra__homem__sem_fund__q4__urbano",2899,0.00923990159403381,0.0406388688966389,0.22736611143225,0.169167551201862,0.170470191081092,0.130263987922957,0.171278780350978,0.171093480510521,0.181734735499129
"ia_total","nao_negra__homem__superior__mais_2sm__rural",296,0.0170210805532725,0.0695439571314764,0.244752833392746,0.0387908490432819,0.0394305051144039,0.0639656071122027,0.0570819472771786,0.0506756756756757,0.0514904291644714
"ia_total","nao_negra__homem__superior__mais_2sm__urbano",5579,-0.0613150696983081,0.0486516239018192,-1.26028824489074,0.0450441504884734,0.0424790312901438,-0.256511919832959,0.040740021815829,0.0403298082093565,0.0418482396250067
"ia_total","nao_negra__homem__superior__q1__rural",16,-0.00357569831508721,0.0709104245678633,-0.050425566295477,0.294445322167464,0.293703026967341,-0.0742295200123089,0.250371893828733,0.25,0.355005853458121
"ia_total","nao_negra__homem__superior__q1__urbano",131,-0.0309849000391529,0.0667987083423298,-0.463854778154715,0.327854423215552,0.321063175077266,-0.679124813828658,0.27382929288006,0.274809160305344,0.25769196842718
"ia_total","nao_negra__homem__superior__q2__rural",22,-0.0177732748216585,0.0707693393097693,-0.251143715555431,0.252231373031278,0.248893927920753,-0.3337445110525,0.13114024248666,0.0909090909090909,0.112384644983457
"ia_total","nao_negra__homem__superior__q2__urbano",104,0.00734665492454205,0.0679289926168676,0.108151978139564,0.282770325741772,0.284262685108258,0.149235936648617,0.2956994575737,0.298076923076923,0.306674154435757
"ia_total","nao_negra__homem__superior__q3__rural",78,0.0203762240467405,0.0697206645917429,0.29225516087742,0.151405842534104,0.154042459615336,0.26366170812327,0.208566910023948,0.205128205128205,0.18826644012516
"ia_total","nao_negra__homem__superior__q3__urbano",609,-0.0393957664748429,0.0597320962826193,-0.659540999338846,0.172554310802824,0.167001755966563,-0.555255483626022,0.155444173740604,0.154351395730706,0.152151077281078
"ia_total","nao_negra__homem__superior__q4__rural",152,-0.00402781034372402,0.0694599197949041,-0.0579875467120756,0.0844402218306845,0.0841293522804491,-0.0310869550235321,0.0880257371714078,0.0789473684210526,0.0367085753081811
"ia_total","nao_negra__homem__superior__q4__urbano",1809,0.0195965137556937,0.0529272174429406,0.370253996005367,0.0973074794314915,0.0990424481454233,0.173496871393178,0.101825235190908,0.101160862354892,0.1108354519232
"ia_total","nao_negra__mulher__fund_med__mais_2sm__rural",50,-0.0138824758205227,0.070889087280827,-0.195833750341958,0.0752564073318276,0.0742959645200797,-0.0960442811747869,0.0576802581835774,0.02,0.0357324103247351
"ia_total","nao_negra__mulher__fund_med__mais_2sm__urbano",407,0.0247590044498033,0.0661538775990166,0.374263842852521,0.0868569705694922,0.0888408694365223,0.198389886703013,0.103636608692683,0.100737100737101,0.0927214137249907
"ia_total","nao_negra__mulher__fund_med__q1__rural",132,-0.0145499519034035,0.0661876136804866,-0.219828924089057,0.456981929984541,0.453373689577746,-0.360824040679514,0.425195885300103,0.431818181818182,0.392185878194976
"ia_total","nao_negra__mulher__fund_med__q1__urbano",319,0.0102319532799649,0.0602688583496872,0.169771811846807,0.495871826073784,0.498429725750402,0.255789967661774,0.500903360968101,0.504702194357367,0.535848200246509
"ia_total","nao_negra__mulher__fund_med__q2__rural",183,-0.00452784011058528,0.0646021939917689,-0.0700880238086369,0.40483608586661,0.403745602469378,-0.109048339723139,0.394888392539949,0.398907103825137,0.364238032062806
"ia_total","nao_negra__mulher__fund_med__q2__urbano",536,-0.00121601598222267,0.0552334254839819,-0.0220159436349882,0.442907853352417,0.442607833842831,-0.0300019509586302,0.44040536453248,0.442164179104478,0.43060755823799
"ia_total","nao_negra__mulher__fund_med__q3__rural",219,-0.0207855292165471,0.0648542841807426,-0.320495854346643,0.264594240214104,0.260569544004495,-0.402469620960927,0.242257233467136,0.242009132420091,0.21729923891588
"ia_total","nao_negra__mulher__fund_med__q3__urbano",991,0.0559506166776519,0.049585923605346,1.1283568522987,0.296037439918607,0.307828995120736,1.17915552021291,0.318500607683412,0.318869828456105,0.320353046004181
"ia_total","nao_negra__mulher__fund_med__q4__rural",203,0.00973546327207322,0.0670285187310915,0.145243598640908,0.1568176463666,0.158109231523947,0.12915851573467,0.170176367425026,0.167487684729064,0.139818275762226
"ia_total","nao_negra__mulher__fund_med__q4__urbano",1197,0.00877260189751595,0.0518391821310605,0.169227243503513,0.178562975778553,0.17985335596934,0.129038019078656,0.181669200319137,0.181286549707602,0.183891701834307
"ia_total","nao_negra__mulher__medio_comp__mais_2sm__rural",116,0.0216580701396115,0.0702207247231403,0.308428462181256,0.0655964907810297,0.0669365470031787,0.134005622214907,0.112722479083339,0.103448275862069,0.0829381952604865
"ia_total","nao_negra__mulher__medio_comp__mais_2sm__urbano",1682,0.0141775581404782,0.0563566098498084,0.251568683394223,0.0758301089274222,0.0768296651154488,0.0999556188026565,0.0793727068125487,0.0784780023781213,0.0787179560059524
"ia_total","nao_negra__mulher__medio_comp__q1__rural",137,0.0060116628189739,0.0660856291119212,0.0909677777114397,0.420610079661399,0.422075800425075,0.146572076367596,0.424305759470003,0.430656934306569,0.399395903686648
"ia_total","nao_negra__mulher__medio_comp__q1__urbano",542,0.0127508817832674,0.0550247751644008,0.231729829793413,0.459021178017622,0.462189098736971,0.316792071934918,0.464848807765031,0.466789667896679,0.497501858394309
"ia_total","nao_negra__mulher__medio_comp__q2__rural",231,0.0143449758191348,0.0632977280588583,0.226627025314335,0.369788255188818,0.373137477192185,0.334922200336735,0.382350591750478,0.385281385281385,0.377576568715232
"ia_total","nao_negra__mulher__medio_comp__q2__urbano",982,0.0449973365686415,0.0479790142753323,0.937854544289298,0.40681696828478,0.417719461581032,1.09024932962519,0.425787351110519,0.426680244399185,0.431882091078015
"ia_total","nao_negra__mulher__medio_comp__q3__rural",357,-0.0445673439677645,0.0621889886238105,-0.716643652743066,0.236855774154588,0.228894681215593,-0.796109293899494,0.205294921399031,0.204481792717087,0.199048619870093
"ia_total","nao_negra__mulher__medio_comp__q3__urbano",2262,0.0894994098725679,0.0390565790572934,2.29153223433313,0.266195830116862,0.284039732154477,1.7843902037615,0.291677367264049,0.291777188328912,0.312854925992672
"ia_total","nao_negra__mulher__medio_comp__q4__rural",326,-0.0173849493708292,0.0653848362184047,-0.265886562944937,0.138253722456978,0.136195482001046,-0.205824045593261,0.128559409852993,0.125766871165644,0.116799261455845
"ia_total","nao_negra__mulher__medio_comp__q4__urbano",2813,0.0431327615716739,0.0414972132206318,1.03941345030439,0.15790694204144,0.163727387013437,0.58204449719968,0.166929061497824,0.166725915392819,0.174547666164761
"ia_total","nao_negra__mulher__sem_fund__mais_2sm__rural",315,0.0113157224417485,0.067036209755233,0.168800152679652,0.0935979447749048,0.0945623657244655,0.0964420949560688,0.105272211514795,0.101587301587302,0.113574566535927
"ia_total","nao_negra__mulher__sem_fund__mais_2sm__urbano",921,-0.0824504004557755,0.0599259503630936,-1.37587138720714,0.107696534681456,0.100025680145281,-0.767085453617511,0.0840776160532422,0.0825190010857763,0.0894820685793164
"ia_total","nao_negra__mulher__sem_fund__q1__rural",400,0.0624358107287946,0.0582077710912451,1.07263703038761,0.516404648769511,0.531975792647325,1.55711438778138,0.558826294718959,0.5625,0.587245856324174
"ia_total","nao_negra__mulher__sem_fund__q1__urbano",701,-0.0330163014077448,0.0520398463668795,-0.63444271481858,0.555181272504105,0.547013592283354,-0.816768022075109,0.535853302707448,0.537803138373752,0.559959334419953
"ia_total","nao_negra__mulher__sem_fund__q2__rural",505,0.0375128637630448,0.0557774977187226,0.672544759039145,0.4632629000108,0.472602263570179,0.933936355937909,0.484869660776966,0.487128712871287,0.473937843164237
"ia_total","nao_negra__mulher__sem_fund__q2__urbano",994,-0.000404963299160795,0.0474551519982352,-0.00853360029646211,0.502192982335123,0.502091743369347,-0.0101238965776629,0.500793419411496,0.502012072434608,0.527310915593558
"ia_total","nao_negra__mulher__sem_fund__q3__rural",924,0.0161549924294669,0.0502780947646222,0.321312740769052,0.31344035567797,0.31692727060865,0.348691493068026,0.319942380006843,0.32034632034632,0.319315804893947
"ia_total","nao_negra__mulher__sem_fund__q3__urbano",2245,0.00832061594384827,0.0376306980206113,0.221112452904564,0.347941859004701,0.349832006929071,0.189014792437009,0.350323281945779,0.350556792873051,0.355777145659969
"ia_total","nao_negra__mulher__sem_fund__q4__rural",1286,-0.0654522691785158,0.0508846525884214,-1.28628704037589,0.190933068969426,0.18102610325892,-0.990696571050659,0.171489534709343,0.171073094867807,0.170500682159894
"ia_total","nao_negra__mulher__sem_fund__q4__urbano",3616,-0.0828382726098021,0.0358173845692575,-2.31279513024252,0.21619609457782,0.20248880034594,-1.37072942318797,0.198102801380403,0.198008849557522,0.202269792876398
"ia_total","nao_negra__mulher__superior__mais_2sm__rural",205,0.00181684848174494,0.0697329480513561,0.0260543764822175,0.0518360201484881,0.0519253892640722,0.00893691155840481,0.0623973341176512,0.0536585365853659,0.048288430609085
"ia_total","nao_negra__mulher__superior__mais_2sm__urbano",5719,-0.0164470956843888,0.044117967273589,-0.372798129668924,0.0600608735169007,0.0591390670456496,-0.0921806471251084,0.0589017978357656,0.0585766742437489,0.0629104485976295
"ia_total","nao_negra__mulher__superior__q1__rural",16,-0.00892673660789549,0.0708457424115964,-0.126002442829003,0.361161725951372,0.359104677276358,-0.205704867501461,0.250371893828733,0.25,0.212806110707457
"ia_total","nao_negra__mulher__superior__q1__urbano",242,-0.0999809342890871,0.0629659979835821,-1.5878559459211,0.397871976280717,0.374181191849454,-2.36907844312638,0.29243855361154,0.293388429752066,0.300978303318092
"ia_total","nao_negra__mulher__superior__q2__rural",53,0.00665460400111444,0.0695059471710484,0.0957415051799525,0.313634643157725,0.315068939647982,0.1434296490257,0.331482912987895,0.339622641509434,0.419726993901586
"ia_total","nao_negra__mulher__superior__q2__urbano",284,-0.00720815247429273,0.0620334511603045,-0.116197831000337,0.348146687844135,0.346512661252328,-0.163402659180745,0.339883443692908,0.341549295774648,0.318830879985867
"ia_total","nao_negra__mulher__superior__q3__rural",111,-0.0122435004149588,0.0685467954235288,-0.178615212269372,0.194653487047975,0.192741325506525,-0.191216154145055,0.175702996685847,0.171171171171171,0.179863576008948
"ia_total","nao_negra__mulher__superior__q3__urbano",1035,0.058516925872504,0.0513579030921862,1.13939476398535,0.220274752211506,0.230489543573109,1.02147913616028,0.241602209884259,0.241545893719807,0.245919423699336
"ia_total","nao_negra__mulher__superior__q4__rural",173,0.00369631556382716,0.0685696081231087,0.0539060330808783,0.111063239080587,0.111428694622926,0.0365455542338633,0.121294455333167,0.115606936416185,0.150399600668849
"ia_total","nao_negra__mulher__superior__q4__urbano",2681,0.109446792737636,0.043914880571812,2.49224844318232,0.127422775550759,0.140095877788219,1.26731022374596,0.148350041863709,0.148079074972025,0.154213000227865
"ia_total","negra__homem__fund_med__mais_2sm__rural",124,-0.0324460460508891,0.0698366046285012,-0.464599420654645,0.085942345576451,0.0834275118238083,-0.251483375264271,0.0489910616690909,0.032258064516129,0.0254787234643407
"ia_total","negra__homem__fund_med__mais_2sm__urbano",473,0.0342646838928904,0.064695026952207,0.529633968901554,0.0990137470308144,0.102112776772226,0.309902974141138,0.118422979926592,0.116279069767442,0.110543159456929
"ia_total","negra__homem__fund_med__q1__rural",358,-0.0122274840205351,0.0592328729416659,-0.20643071006495,0.492975394543149,0.489919427466218,-0.305596707693123,0.480112475478042,0.483240223463687,0.504979312570497
"ia_total","negra__homem__fund_med__q1__urbano",340,-0.00305287561197072,0.0597373820127046,-0.051104944828708,0.531927849274823,0.531167668929549,-0.0760180345274364,0.525526644193831,0.529411764705882,0.537137094019729
"ia_total","negra__homem__fund_med__q2__rural",532,-0.040167144365039,0.0553880854219424,-0.725194670641683,0.440050744084513,0.430178414999362,-0.987232908515079,0.413867196480085,0.415413533834586,0.414236110249177
"ia_total","negra__homem__fund_med__q2__urbano",716,-0.00748104447587657,0.0516967569850674,-0.144710131005654,0.478770161583457,0.476903577375299,-0.186658420815822,0.47333843929575,0.474860335195531,0.494183610130062
"ia_total","negra__homem__fund_med__q3__rural",586,-0.00967709985106828,0.0562000322904165,-0.172190289874948,0.29362839626859,0.291625277639931,-0.200311862865904,0.288043928737439,0.28839590443686,0.3106288241486
"ia_total","negra__homem__fund_med__q3__urbano",1479,0.054166672772318,0.0435616303102882,1.24344916355266,0.326987763158005,0.339017846305473,1.20300831474676,0.345840185861216,0.346179851250845,0.357112975600226
"ia_total","negra__homem__fund_med__q4__rural",394,0.00123876738149805,0.0628740711302216,0.0197023567780807,0.176869711312117,0.177050131707806,0.0180420395689079,0.178880508006776,0.177664974619289,0.171895467957747
"ia_total","negra__homem__fund_med__q4__urbano",1506,0.0402082675125393,0.0475115106578934,0.846284762487536,0.200733631722777,0.20726231165447,0.652867993169254,0.212643478246296,0.212483399734396,0.211017307175213
"ia_total","negra__homem__medio_comp__mais_2sm__rural",188,-0.0100896079703435,0.0692559467514181,-0.145685799467277,0.0750220596385744,0.0743248991448106,-0.0697160493763824,0.0724186570859894,0.0638297872340425,0.0841493432278769
"ia_total","negra__homem__medio_comp__mais_2sm__urbano",1723,0.0294023610810485,0.0546215454438882,0.538292368736675,0.0865898813727216,0.0889438181583352,0.235393678561359,0.093042632990889,0.0922809053975624,0.0983345346457497
"ia_total","negra__homem__medio_comp__q1__rural",279,0.0292066891853845,0.061437392271713,0.475389467316826,0.456145233792744,0.463399510590381,0.725427679763702,0.479861572853364,0.483870967741935,0.562845683361973
"ia_total","negra__homem__medio_comp__q1__urbano",513,0.0279497681466217,0.0555723942099672,0.502943386621423,0.495028837210312,0.502016104511181,0.698726730086857,0.510227843098046,0.512670565302144,0.545826607375711
"ia_total","negra__homem__medio_comp__q2__rural",538,0.00195365464413265,0.0554573519093564,0.035228055016508,0.40402382797497,0.404494333763812,0.0470505788842279,0.403761396111746,0.405204460966543,0.408819998163707
"ia_total","negra__homem__medio_comp__q2__urbano",1290,-0.0102777166537157,0.0441364255388697,-0.232862460614632,0.442075947285412,0.439542532385534,-0.253341489987807,0.437264644656918,0.437984496124031,0.443894288255109
"ia_total","negra__homem__medio_comp__q3__rural",713,-0.00655427467344534,0.054746690176591,-0.119720016905202,0.263938577830228,0.262667217699712,-0.127136013051649,0.260792875681181,0.260869565217391,0.281903314079655
"ia_total","negra__homem__medio_comp__q3__urbano",3120,-0.0760178195740517,0.0348319057373722,-2.18241919196772,0.295335152201119,0.279764654845147,-1.55704973559723,0.274956849088778,0.275,0.282421336179584
"ia_total","negra__homem__medio_comp__q4__rural",463,-0.0406605673066964,0.0626299558362153,-0.649219159806349,0.156372265448569,0.151082955684988,-0.528930976358186,0.135726100734372,0.133909287257019,0.148995569398429
"ia_total","negra__homem__medio_comp__q4__urbano",3591,-0.0625464631253984,0.0377936014852351,-1.65494847454095,0.178068878268035,0.169098112407549,-0.897076586048648,0.165853531724936,0.165692007797271,0.173184448010594
"ia_total","negra__homem__sem_fund__mais_2sm__rural",483,0.0434013086826704,0.064131609274612,0.676753775144262,0.106588079164069,0.110792181640083,0.42041024760139,0.130215517687205,0.128364389233954,0.104970459873797
"ia_total","negra__homem__sem_fund__mais_2sm__urbano",785,0.0459668500682293,0.0594622119578724,0.773043056332916,0.122379177590462,0.127402442439763,0.502326484930088,0.139875826923793,0.138853503184713,0.151633306984745
"ia_total","negra__homem__sem_fund__q1__rural",2026,0.0215594898559002,0.0379233223711574,0.568502138206573,0.552317956502771,0.557642604834895,0.532464833212387,0.558997901006126,0.559723593287266,0.590522707448498
"ia_total","negra__homem__sem_fund__q1__urbano",1123,-0.0600409424535968,0.0461346336538983,-1.30142883335811,0.590498446884945,0.575905033513233,-1.45934133717118,0.564119965495736,0.565449688334817,0.580945258131539
"ia_total","negra__homem__sem_fund__q2__rural",2560,-0.0325539280769049,0.0345990593573568,-0.940890552563043,0.499296196909633,0.491158636101032,-0.813756080860029,0.488220442559856,0.488671875,0.508167664270967
"ia_total","negra__homem__sem_fund__q2__urbano",1916,-0.0107531234369406,0.038571960333449,-0.278780838307969,0.53821792505178,0.535544277304865,-0.26736477469147,0.533738295700838,0.534446764091858,0.540652776219973
"ia_total","negra__homem__sem_fund__q3__rural",3671,0.0188146471598129,0.0311550844929533,0.603902941237999,0.345317627626365,0.349583407032958,0.426577940659317,0.350442709677193,0.350585671479161,0.355334544536986
"ia_total","negra__homem__sem_fund__q3__urbano",3756,-0.0254487085735952,0.0304821833697291,-0.834871579404888,0.381378838587795,0.375393142108417,-0.598569647937869,0.373898501508798,0.374068157614483,0.384744556040757
"ia_total","negra__homem__sem_fund__q4__rural",3116,0.0595739442943368,0.0368118861311553,1.61833447169981,0.214239039314917,0.224438373410944,1.01993340960264,0.228222305058616,0.228177150192555,0.232085417659688
"ia_total","negra__homem__sem_fund__q4__urbano",4144,0.0286709039724595,0.03217090874927,0.891205908913287,0.241664673928144,0.246957828026958,0.529315409881445,0.248315181611187,0.248310810810811,0.244799544006623
"ia_total","negra__homem__superior__mais_2sm__rural",138,0.00394239009378994,0.0701354526986886,0.0562110878606142,0.0594100596903668,0.059630745478132,0.022068578776524,0.0764488718225692,0.0652173913043478,0.057434486771494
"ia_total","negra__homem__superior__mais_2sm__urbano",2889,0.0861415465978816,0.0503354104267075,1.71135083369015,0.0687495520113568,0.074473701511318,0.572414949996122,0.0808179927835556,0.0803046036690896,0.0800215132966917
"ia_total","negra__homem__superior__q1__rural",20,0.0154635180857117,0.0706487209968396,0.218878953044365,0.395099344458885,0.398800991949828,0.370164749094287,0.491492112771791,0.55,0.496206187251428
"ia_total","negra__homem__superior__q1__urbano",149,-0.0625307482656376,0.0656822337563507,-0.952019209602348,0.432921500055836,0.417639251839159,-1.52822482166775,0.332636494495262,0.335570469798658,0.307591043375404
"ia_total","negra__homem__superior__q2__rural",40,-0.00401215451717402,0.0699129795219015,-0.0573878347713266,0.345521730222238,0.344614998985944,-0.0906731236293479,0.316152486788611,0.325,0.260130122294242
"ia_total","negra__homem__superior__q2__urbano",210,0.0076103210256392,0.0638615726957232,0.119169019872084,0.38159183209124,0.383389322972689,0.179749088144915,0.387145554711896,0.39047619047619,0.388707421424428
"ia_total","negra__homem__superior__q3__rural",83,-0.0148724823494994,0.0690723403698477,-0.215317481206873,0.218291058584616,0.215763851969548,-0.252720661506811,0.185868054436209,0.180722891566265,0.187450271306955
"ia_total","negra__homem__superior__q3__urbano",797,0.0460102349707517,0.0536942786468671,0.856892691926242,0.246072965356811,0.254708197173482,0.863523181667081,0.265892377063401,0.265997490589711,0.278962914304879
"ia_total","negra__homem__superior__q4__rural",104,0.0139146730081851,0.0694814467937283,0.200264583572849,0.126139990994361,0.127681782963685,0.154179196932394,0.159889003143227,0.153846153846154,0.126175444110406
"ia_total","negra__homem__superior__q4__urbano",1760,0.057322068401092,0.0486847425181873,1.17741340379233,0.144359674389213,0.15158541981198,0.722574542276735,0.158319002739308,0.157954545454545,0.145335988385272
"ia_total","negra__mulher__fund_med__mais_2sm__rural",26,0.005361677404785,0.0710360202841701,0.0754782909196817,0.112980522196848,0.113518963666858,0.0538441470010143,0.173765531038541,0.153846153846154,0.230000713351292
"ia_total","negra__mulher__fund_med__mais_2sm__urbano",264,-0.0275940395797398,0.0667071026690808,-0.41365969253121,0.129581305243007,0.126500657623239,-0.308064761976792,0.110240682816058,0.106060606060606,0.124430049381463
"ia_total","negra__mulher__fund_med__q1__rural",552,0.0672855460509964,0.0550831830055448,1.22152610614792,0.568434108339358,0.584858556778244,1.64244484388862,0.605647256633812,0.608695652173913,0.611497697835812
"ia_total","negra__mulher__fund_med__q1__urbano",1024,0.0965637201254588,0.0479733506769946,2.01286169847972,0.6062200710539,0.629019929212789,2.27998581588886,0.645632996701727,0.6474609375,0.686528181785449
"ia_total","negra__mulher__fund_med__q2__rural",577,-0.0545352508107271,0.0542482994712802,-1.00528959142026,0.515647227180672,0.502018514515969,-1.36287126647028,0.481583610885871,0.483535528596187,0.496457467518862
"ia_total","negra__mulher__fund_med__q2__urbano",1507,-0.0238063551098785,0.041931226642314,-0.567747643372178,0.554432181865372,0.548543775756919,-0.588840610845343,0.544521921720968,0.545454545454545,0.559491918525771
"ia_total","negra__mulher__fund_med__q3__rural",434,0.0460809725811979,0.0580427905621733,0.793913802814798,0.360254210706503,0.37094147465323,1.0687263946727,0.390062164294256,0.391705069124424,0.375851092101996
"ia_total","negra__mulher__fund_med__q3__urbano",1744,-0.0069281908282811,0.0404084848929321,-0.171453862886428,0.396929530906583,0.395272275046365,-0.165725586021809,0.394075883449114,0.394495412844037,0.396212804296779
"ia_total","negra__mulher__fund_med__q4__rural",159,0.0185807627760607,0.0668743774901308,0.277845768041771,0.225458408264477,0.228719651939423,0.326124367494618,0.251565548309694,0.251572327044025,0.215849338966044
"ia_total","negra__mulher__fund_med__q4__urbano",1286,-0.0124526622149925,0.0478011989931321,-0.260509411422539,0.253856274789843,0.251504813318619,-0.235146147122361,0.249619279234302,0.249611197511664,0.225807454589462
"ia_total","negra__mulher__medio_comp__mais_2sm__rural",70,-0.00956394147594175,0.0704030281242452,-0.135845598275455,0.0989967164106409,0.0981469132000517,-0.0849803210589195,0.0906345087777848,0.0714285714285714,0.0488075962800227
"ia_total","negra__mulher__medio_comp__mais_2sm__urbano",1076,-0.021292866329171,0.0575149523857231,-0.370214447651295,0.113806413591581,0.111676526799134,-0.212988679244745,0.108846983902833,0.107806691449814,0.0920039437278603
"ia_total","negra__mulher__medio_comp__q1__rural",577,0.0268516234246472,0.0543167226590337,0.494352790635121,0.531880313757217,0.538559809617204,0.667949585998673,0.545219106281266,0.547660311958406,0.555696282713048
"ia_total","negra__mulher__medio_comp__q1__urbano",1492,0.0033708032187179,0.0422209199691564,0.0798372754828736,0.570448233245309,0.571274008033866,0.0825774788557387,0.570695088362824,0.57171581769437,0.593977237739392
"ia_total","negra__mulher__medio_comp__q2__rural",866,-0.0402812536160424,0.0493139877716488,-0.816832210012441,0.478722517976387,0.468680405891361,-1.00421120850259,0.458402727574978,0.459584295612009,0.466430846658216
"ia_total","negra__mulher__medio_comp__q2__urbano",2814,-0.0242687868139395,0.0333579028510962,-0.727527354530383,0.517698681715765,0.511636780829027,-0.606190088673775,0.509506069746089,0.509950248756219,0.514358324469742
"ia_total","negra__mulher__medio_comp__q3__rural",720,-0.00678601664848202,0.0531779433959665,-0.127609610585217,0.32694574953201,0.325454228749843,-0.149152078216641,0.323070675414236,0.323611111111111,0.335497830736435
"ia_total","negra__mulher__medio_comp__q3__urbano",4546,-0.0511533461514879,0.0285093461290253,-1.79426584952114,0.362149688053932,0.350418682778598,-1.17310052753339,0.348105272813358,0.348218213814342,0.343735768830252
"ia_total","negra__mulher__medio_comp__q4__rural",295,0.0197097692429724,0.0640922009958562,0.307522115588552,0.200703002433676,0.203883528580451,0.318052614677447,0.217655010108089,0.216949152542373,0.178741464126533
"ia_total","negra__mulher__medio_comp__q4__urbano",3402,-0.0508933562716737,0.035904997276667,-1.41744492777742,0.226896196769161,0.21809303039118,-0.880316637798131,0.215233401567088,0.215167548500882,0.223482681317954
"ia_total","negra__mulher__sem_fund__mais_2sm__rural",249,0.0855282264229103,0.06633575870847,1.28932310548805,0.139132892999777,0.149696634394678,1.05637413949019,0.217702487563615,0.216867469879518,0.217863845503288
"ia_total","negra__mulher__sem_fund__mais_2sm__urbano",593,0.0318475263532613,0.0601346160050086,0.529603886563585,0.1588880464091,0.163190611320749,0.43025649116486,0.174556187769352,0.173693086003373,0.188002367887616
"ia_total","negra__mulher__sem_fund__q1__rural",1618,0.0554325321113199,0.0419221672545481,1.32227257657597,0.625651447912706,0.638541315568667,1.28898676559605,0.644088783548343,0.645241038318912,0.658201672676906
"ia_total","negra__mulher__sem_fund__q1__urbano",2187,-0.0370631404546702,0.038039910649234,-0.974322489777366,0.661411745815058,0.653062602153606,-0.83491436614519,0.648885423590864,0.649748513946045,0.671976828078362
"ia_total","negra__mulher__sem_fund__q2__rural",1857,-0.0691801344987134,0.0391139462489996,-1.76868204650874,0.574625912869508,0.557635204285436,-1.69907085840728,0.549581011084899,0.550350026925148,0.570587192146214
"ia_total","negra__mulher__sem_fund__q2__urbano",3141,-0.0833941510858765,0.0323750711331708,-2.57587545500194,0.612239563649757,0.59226622327075,-1.99733403790074,0.586566385252197,0.587074180197389,0.585018546765479
"ia_total","negra__mulher__sem_fund__q3__rural",2279,0.0534963476981379,0.0364159643000255,1.46903559267001,0.416752265990429,0.429810654067895,1.30583880774661,0.434000038893943,0.434401053093462,0.431314345995959
"ia_total","negra__mulher__sem_fund__q3__urbano",4972,-0.0573298610834446,0.0265260744420644,-2.1612644271454,0.455087781026503,0.440911340513859,-1.41764405126443,0.438468619797975,0.438656476267096,0.447497535688664
"ia_total","negra__mulher__sem_fund__q4__rural",1762,0.0361801091498889,0.0427035974060009,0.847237969342713,0.269729628341615,0.276915307012128,0.718567867051295,0.280835948442353,0.280930760499432,0.277901624103062
"ia_total","negra__mulher__sem_fund__q4__urbano",4469,-0.0199025411864217,0.0297575376026856,-0.668823524720189,0.301532871655225,0.297357810860213,-0.41750607950124,0.296430713813448,0.296486909823227,0.293652825912511
"ia_total","negra__mulher__superior__mais_2sm__rural",127,0.0145960419440551,0.0698616184291909,0.208927910235133,0.0788207586006912,0.0798870850584535,0.106632645776231,0.110985514249304,0.102362204724409,0.141291099699503
"ia_total","negra__mulher__superior__mais_2sm__urbano",2674,-0.0463401784935137,0.0494889128924504,-0.936374953198516,0.0909167385343512,0.0871585973118356,-0.375814122251558,0.0843052418798956,0.0837696335078534,0.0886274943780186
"ia_total","negra__mulher__superior__q1__rural",61,-0.00301930818658808,0.0688843141791605,-0.0438315779516247,0.469447727819924,0.468695789055468,-0.0751938764456006,0.443345571073418,0.459016393442623,0.302550359342898
"ia_total","negra__mulher__superior__q1__urbano",321,-0.0768616202172081,0.0602182111036653,-1.2763849806978,0.508405244755604,0.489192315264739,-1.9212929490865,0.439444215024113,0.442367601246106,0.462960579997208
"ia_total","negra__mulher__superior__q2__rural",114,0.00208365014434421,0.0669230344680698,0.0311350219084635,0.416971699098491,0.417478335043877,0.0506635945385414,0.413837576121018,0.421052631578947,0.332757006543187
"ia_total","negra__mulher__superior__q2__urbano",577,0.00674700071056442,0.0543335311065359,0.124177475182591,0.455311641705301,0.456985416103694,0.167377439839256,0.457505653357305,0.459272097053726,0.430624488055372
"ia_total","negra__mulher__superior__q3__rural",201,-0.0304598882147223,0.0652288910439105,-0.466969278907677,0.274464574951676,0.268440830071593,-0.602374488008267,0.239169324278679,0.238805970149254,0.223573027225486
"ia_total","negra__mulher__superior__q3__urbano",1553,-0.0519510457854477,0.0438968095237577,-1.18348113106787,0.306591718115056,0.295659579315107,-1.09321387999486,0.288981767829528,0.289117836445589,0.310082500925364
"ia_total","negra__mulher__superior__q4__rural",196,0.040146146593684,0.0669501708267609,0.599642183103094,0.163561710778677,0.169128517630873,0.556680685219568,0.210486681777498,0.209183673469388,0.215739488296478
"ia_total","negra__mulher__superior__q4__urbano",2391,0.0605616149593251,0.0418326246680426,1.44771253154455,0.186035882273417,0.195381357947599,0.934547567418192,0.200469808232223,0.200334588038478,0.203350127018932
"ia_grave","nao_negra__homem__fund_med__mais_2sm__rural",190,-0.00184234072275352,0.0498840157294168,-0.0369324862045355,0.00389667570150018,0.00388953120345396,-0.000714449804621554,0.00589938552377653,0,0
"ia_grave","nao_negra__homem__fund_med__mais_2sm__urbano",572,-0.000141191061883844,0.0497416173349508,-0.00283848956766101,0.00534451872696549,0.00534376821407355,-7.50512891942341e-05,0.00698305255716718,0.00524475524475524,0.0051250970826769
"ia_grave","nao_negra__homem__fund_med__q1__rural",96,0.0015296180276911,0.0495628225549617,0.0308622057590619,0.066430389797209,0.0665253156556693,0.00949258584602708,0.065422133113994,0.0729166666666667,0.0525636816939286
"ia_grave","nao_negra__homem__fund_med__q1__urbano",163,0.00358880427820909,0.0491244305372637,0.0730553868810098,0.089036320772993,0.0893278342075253,0.0291513434532334,0.0920509409366187,0.098159509202454,0.0900227514707306
"ia_grave","nao_negra__homem__fund_med__q2__rural",187,-0.00876637028143865,0.0494867384357518,-0.177145848737232,0.0405343240035304,0.040194758424594,-0.0339565578936385,0.0220592841631736,0.0213903743315508,0.0268277556543208
"ia_grave","nao_negra__homem__fund_med__q2__urbano",240,0.031026807198194,0.0491523691512034,0.631237267582134,0.0548456607855124,0.0564764090648532,0.163074827934086,0.103771801522325,0.108333333333333,0.0924494355121248
"ia_grave","nao_negra__homem__fund_med__q3__rural",360,-0.00679700206742777,0.0494657660638661,-0.137408203860667,0.0216055887474835,0.0214623745999554,-0.0143214147528093,0.0150440496988843,0.0138888888888889,0.0249540284116548
"ia_grave","nao_negra__homem__fund_med__q3__urbano",757,-0.0172398370793078,0.0486557818284829,-0.354322475797022,0.0294388666748224,0.0289502621162356,-0.0488604558586868,0.0200751472403713,0.0198150594451783,0.0213165605337587
"ia_grave","nao_negra__homem__fund_med__q4__rural",419,-0.00277418313520136,0.0496183827181804,-0.0559103901261354,0.0122358638830301,0.0122023800264719,-0.00334838565582123,0.0110890707009155,0.00954653937947494,0.0111586565912956
"ia_grave","nao_negra__homem__fund_med__q4__urbano",1109,-0.00847553778141521,0.0488403431319566,-0.17353559041377,0.0167301621269184,0.0165913068729677,-0.013885525395067,0.0139521002913847,0.0135256988277728,0.0107882921287897
"ia_grave","nao_negra__homem__medio_comp__mais_2sm__rural",343,-0.00234815975681354,0.0498714096122659,-0.0470842868703676,0.00275252593017784,0.00274608787029744,-0.000643805988040022,0.00407583671302395,0,0
"ia_grave","nao_negra__homem__medio_comp__mais_2sm__urbano",2034,0.000777583222490392,0.0494598118763261,0.0157215159741152,0.00377686226446618,0.0037797891264104,0.000292686194421988,0.00457769814357382,0.00393313667649951,0.00324927790827433
"ia_grave","nao_negra__homem__medio_comp__q1__rural",106,0.00476041176482799,0.0496308719018496,0.0959163436467975,0.0478061811462829,0.0480233457256495,0.0217164579366658,0.0599107566937899,0.0660377358490566,0.0763987882026438
"ia_grave","nao_negra__homem__medio_comp__q1__urbano",229,0.0150026963230419,0.0490805046599134,0.305675266116311,0.0645123416607902,0.0654236991267752,0.0911357465985044,0.0875350117888261,0.091703056768559,0.0936244222082495
"ia_grave","nao_negra__homem__medio_comp__q2__rural",238,-0.00708433918505569,0.0495212689836673,-0.143056495329152,0.0289451531717572,0.0287466944125716,-0.0198458759185619,0.0179851352185028,0.0168067226890756,0.010873769566019
"ia_grave","nao_negra__homem__medio_comp__q2__urbano",455,0.0074184822866967,0.048886090292362,0.15175036993817,0.0393324728502562,0.0396137433281155,0.0281270477859238,0.0452132228152247,0.0461538461538462,0.037910311425041
"ia_grave","nao_negra__homem__medio_comp__q3__rural",436,-0.00168999680400875,0.0495254845610348,-0.034123781301443,0.0153417974644586,0.0153162885512678,-0.00255089131907908,0.0147495925399963,0.0137614678899083,0.0134369808018042
"ia_grave","nao_negra__homem__medio_comp__q3__urbano",1551,-0.00114955654896036,0.0480620490882249,-0.0239181759989089,0.0209527222113727,0.0209291535283861,-0.00235686829865994,0.0207427348616527,0.0206318504190845,0.0225609088809874
"ia_grave","nao_negra__homem__medio_comp__q4__rural",503,-0.00334998245998016,0.0496638981371736,-0.0674530712576646,0.00866444335702727,0.00863571642598027,-0.00287269310469962,0.00777962088088006,0.00596421471172962,0.00429742768116434
"ia_grave","nao_negra__homem__medio_comp__q4__urbano",2700,0.00686267499143275,0.0480575906807411,0.142801062105324,0.0118626940122861,0.0119434081558738,0.0080714143587653,0.0131545842627416,0.012962962962963,0.0121294410048523
"ia_grave","nao_negra__homem__sem_fund__mais_2sm__rural",664,-0.00816841708808453,0.0496674038795035,-0.164462332436414,0.00649309228794071,0.00644061024030981,-0.00524820476308996,0.00371575369980485,0.00150602409638554,0.00293663213602272
"ia_grave","nao_negra__homem__sem_fund__mais_2sm__urbano",844,-0.0110374297901644,0.0494777886279775,-0.223078478166326,0.00889703926242475,0.00880023820371748,-0.00968010587072739,0.00502507659362501,0.00355450236966825,0.00188304035095642
"ia_grave","nao_negra__homem__sem_fund__q1__rural",551,0.00100665587557063,0.0469586633445949,0.0214370640872702,0.10624956740152,0.10634519794138,0.00956305398600032,0.105072343104845,0.107078039927405,0.100543372284994
"ia_grave","nao_negra__homem__sem_fund__q1__urbano",376,-0.00398385228148645,0.0473319413952536,-0.0841683684220471,0.140368393496402,0.139888369906066,-0.0480023590335943,0.132182819680913,0.13563829787234,0.145875822118135
"ia_grave","nao_negra__homem__sem_fund__q2__rural",777,0.0128539163757535,0.0471660937175593,0.272524505691005,0.0659272562885081,0.0667232416941192,0.0795985405611099,0.0723296494202352,0.0733590733590734,0.0706414174337385
"ia_grave","nao_negra__homem__sem_fund__q2__urbano",650,0.0342423335902121,0.0468813884115101,0.730403572727916,0.0883781817256087,0.0911761640768857,0.279798235127701,0.11054221946719,0.112307692307692,0.106121170206174
"ia_grave","nao_negra__homem__sem_fund__q3__rural",1659,0.0152083033824897,0.0466829741530579,0.325778373344995,0.0355802541818361,0.0361058184113393,0.0525564229503207,0.0395873981906813,0.0397830018083183,0.0403689655574082
"ia_grave","nao_negra__homem__sem_fund__q3__urbano",1677,-0.00393826467117913,0.045746880453671,-0.0860881579710668,0.0482303965074277,0.0480499348269843,-0.018046168044334,0.0468362824092303,0.0471079308288611,0.0458011833976976
"ia_grave","nao_negra__homem__sem_fund__q4__rural",2515,-0.0399729943198109,0.0471821849358733,-0.847205240158746,0.0202757099366323,0.019496704125513,-0.077900581111923,0.0133231625268906,0.0131212723658052,0.0175122553870805
"ia_grave","nao_negra__homem__sem_fund__q4__urbano",2899,-0.0190860496008522,0.0457557902388334,-0.417128619158972,0.0276404510967977,0.0271320843153337,-0.0508366781463914,0.0245066420843821,0.0244912038634012,0.0237163734313028
"ia_grave","nao_negra__homem__superior__mais_2sm__rural",296,0.00115097802597469,0.0498963592188989,0.0230673749346172,0.00181653574718322,0.00181862393904686,0.000208819186364533,0.006803576856041,0.00337837837837838,0.00233508907550807
"ia_grave","nao_negra__homem__superior__mais_2sm__urbano",5579,-0.00701472852174634,0.0490936488238,-0.142884643733095,0.00249341975371728,0.00247603344991368,-0.00173863038036002,0.00229904148625971,0.00197167951245743,0.00162497688543514
"ia_grave","nao_negra__homem__superior__q1__rural",16,-0.00127650563501979,0.0498989482876155,-0.0255818144234637,0.0320420496937264,0.0320024820572076,-0.00395676365188141,0.0178600707056687,0,0
"ia_grave","nao_negra__homem__superior__q1__urbano",131,0.00812277078372202,0.049591549261554,0.163793446760076,0.0434909534945121,0.043830112396785,0.0339158902272957,0.063401052836221,0.0687022900763359,0.0538277797205301
"ia_grave","nao_negra__homem__superior__q2__rural",22,0.001434368446055,0.0499038698093295,0.0287426296103963,0.0192745671228115,0.0193016997773339,0.0027132654522484,0.0350203603538593,0.0454545454545455,0.0131255414506735
"ia_grave","nao_negra__homem__superior__q2__urbano",104,-0.00429360761860806,0.049765589480414,-0.0862766353907628,0.0262854197988455,0.0261757503038078,-0.0109669495037712,0.0140905083817539,0.00961538461538462,0.00913100666051699
"ia_grave","nao_negra__homem__superior__q3__rural",78,0.00300278575009611,0.0498808348618707,0.0601991878927324,0.0101685051706242,0.0101987730265219,0.00302678558977212,0.0257351132790315,0.0256410256410256,0.00989893571173567
"ia_grave","nao_negra__homem__superior__q3__urbano",609,0.00128522672736693,0.0494170828615889,0.0260077417148781,0.0139141481201591,0.013931793151757,0.00176450315979067,0.0154297031149981,0.0147783251231527,0.0140024210792276
"ia_grave","nao_negra__homem__superior__q4__rural",152,0.000321126286654348,0.0498759454913449,0.00643850023274392,0.00572966943975584,0.0057314991353354,0.000182969557955843,0.0109112519770058,0.00657894736842105,0.00172332945323213
"ia_grave","nao_negra__homem__superior__q4__urbano",1809,0.00191108460414762,0.0490734374143256,0.0389433613140319,0.00785320742787979,0.00786811172308452,0.00149042952047283,0.00874789349733261,0.00829187396351575,0.00769128107863188
"ia_grave","nao_negra__mulher__fund_med__mais_2sm__rural",50,-0.000543529675636686,0.0499162631883219,-0.0108888294299211,0.00436283901128411,0.00436047866047455,-0.000236035080955228,0.0118830275878158,0,0
"ia_grave","nao_negra__mulher__fund_med__mais_2sm__urbano",407,-0.00107799410877617,0.0497799633432004,-0.0216551808474447,0.00598284865773901,0.00597644118127531,-0.000640747646369309,0.00728012932751234,0.00491400491400491,0.00753549726970513
"ia_grave","nao_negra__mulher__fund_med__q1__rural",132,-0.00425384003869062,0.0493793334636213,-0.0861461615682703,0.0738230964731454,0.0735327743772439,-0.029032209590156,0.0560819885980459,0.0606060606060606,0.0508820639325163
"ia_grave","nao_negra__mulher__fund_med__q1__urbano",319,0.0105243552626288,0.0482389373994682,0.218171374204955,0.0986788177321568,0.0996188292621931,0.0940011530036353,0.109285340796158,0.112852664576803,0.128129674759488
"ia_grave","nao_negra__mulher__fund_med__q2__rural",183,-0.0128829197357901,0.0494510965133438,-0.260518383698808,0.0451846676412858,0.0446321049620098,-0.0552562679276093,0.0179371169913308,0.0163934426229508,0.0231108699509185
"ia_grave","nao_negra__mulher__fund_med__q2__urbano",536,-0.0016532917591308,0.0481237295253474,-0.0343550214299163,0.061033444489302,0.0609387657784619,-0.00946787108400959,0.0585244378247899,0.0597014925373134,0.0548026851236528
"ia_grave","nao_negra__mulher__fund_med__q3__rural",219,0.00175631126717968,0.0496112353718177,0.0354014822250804,0.0241389482140787,0.0241803549333048,0.00414067192260961,0.0272328959326149,0.0273972602739726,0.0289967491760959
"ia_grave","nao_negra__mulher__fund_med__q3__urbano",991,0.0217947270761859,0.0480420931050908,0.453658982519985,0.0328598678168566,0.0335596027930408,0.0699734976184259,0.0420074286682248,0.0423814328960646,0.0383762886644292
"ia_grave","nao_negra__mulher__fund_med__q4__rural",203,0.00550110890608671,0.0497591876509531,0.110554636556277,0.0136859459641914,0.0137604024607848,0.00744564965934318,0.0248053753403091,0.0246305418719212,0.0140250751026917
"ia_grave","nao_negra__mulher__fund_med__q4__urbano",1197,0.00617442474066755,0.0486087055954957,0.127023023242975,0.0187027821838358,0.018816438723623,0.0113656539787205,0.0210207525953956,0.0208855472013367,0.0189390492514764
"ia_grave","nao_negra__mulher__medio_comp__mais_2sm__rural",116,-0.000890548416625664,0.0499076184688175,-0.0178439373375847,0.00308223696367534,0.00307950175339365,-0.000273521028168987,0.00783008319314673,0,0
"ia_grave","nao_negra__mulher__medio_comp__mais_2sm__urbano",1682,0.0046230320937624,0.0494927429299172,0.093408282105292,0.00422875301945994,0.00424826469505144,0.00195116755915062,0.00600896314051328,0.00535077288941736,0.00556889786845942
"ia_grave","nao_negra__mulher__medio_comp__q1__rural",137,0.00663028006244421,0.0495029358571616,0.133937107923772,0.0532444993758126,0.0535797203636443,0.0335220987831779,0.0675540644289516,0.072992700729927,0.0450414160141915
"ia_grave","nao_negra__mulher__medio_comp__q1__urbano",542,0.00259412374827114,0.0478208916392317,0.0542466620622973,0.0717079935404479,0.0718808658423777,0.0172872301929777,0.0723250710106492,0.0738007380073801,0.0692881875299185
"ia_grave","nao_negra__mulher__medio_comp__q2__rural",231,-0.00848297593281794,0.0494896950223455,-0.171408935314467,0.0323106913568555,0.0320465063147295,-0.0264185042126004,0.0184467967970353,0.0173160173160173,0.012117285164333
"ia_grave","nao_negra__mulher__medio_comp__q2__urbano",982,0.0382327776357245,0.0474708115992467,0.805395491412479,0.04385123463828,0.0454825208113772,0.163128617309719,0.060431439559616,0.0610997963340122,0.0609246291152171
"ia_grave","nao_negra__mulher__medio_comp__q3__rural",357,-0.000304133007121025,0.0495594478759286,-0.00613673114120274,0.0171535740187013,0.0171484472931965,-0.000512672550481361,0.0176342369347844,0.0168067226890756,0.0119948314671326
"ia_grave","nao_negra__mulher__medio_comp__q3__urbano",2262,-0.0220128583751814,0.047048096974224,-0.46787988868586,0.0234113616852548,0.0229133208607175,-0.049804082453728,0.0191132778650212,0.0190097259062776,0.0176191587472428
"ia_grave","nao_negra__mulher__medio_comp__q4__rural",326,-0.00287125413685949,0.0497366359494675,-0.0577291584371867,0.00969542795762835,0.00966789859613077,-0.00275293614975854,0.00868271642755468,0.00613496932515337,0.0066552811574368
"ia_grave","nao_negra__mulher__medio_comp__q4__urbano",2813,-0.00988191166280341,0.0478034485112241,-0.206719639912237,0.0132691455242987,0.0131403812928486,-0.0128764231450092,0.0119411547816374,0.0117312477781728,0.0140231403215612
"ia_grave","nao_negra__mulher__sem_fund__mais_2sm__rural",315,-0.000717144020470045,0.0497890216498975,-0.0144036576077514,0.00726760134148657,0.0072624291306498,-0.000517221083677719,0.0089212023354806,0.00634920634920635,0.00755858368090145
"ia_grave","nao_negra__mulher__sem_fund__mais_2sm__urbano",921,-0.000411856170371896,0.0493744334001495,-0.00834148651457029,0.00995542257554826,0.00995136401176627,-0.000405856378198066,0.0105170963942379,0.00977198697068404,0.00705453481801468
"ia_grave","nao_negra__mulher__sem_fund__q1__rural",400,0.0157921356503311,0.0475054566052133,0.33242782574577,0.117515751925958,0.119163405975505,0.164765404954735,0.131758752314214,0.135,0.152429394064622
"ia_grave","nao_negra__mulher__sem_fund__q1__urbano",701,-0.0272274068971186,0.0451273978727461,-0.60334537732259,0.154626462300395,0.151100746421196,-0.352571587919934,0.133653669886849,0.135520684736091,0.145198223502857
"ia_grave","nao_negra__mulher__sem_fund__q2__rural",505,0.0321170573677935,0.0478712225953265,0.670905308587815,0.0732683660464082,0.0754792284931524,0.221086244674418,0.0989012374316201,0.100990099009901,0.0995319725765975
"ia_grave","nao_negra__mulher__sem_fund__q2__urbano",994,0.0155884091915163,0.0451724762039412,0.345086444257316,0.0979570675740177,0.0993431412352563,0.138607366123858,0.104526359327912,0.105633802816901,0.119987422358293
"ia_grave","nao_negra__mulher__sem_fund__q3__rural",924,0.0145000286780434,0.0478467035688494,0.303051779882358,0.0396857456042936,0.0402420565005608,0.0556310896267238,0.0460579562065542,0.0465367965367965,0.0536903533171808
"ia_grave","nao_negra__mulher__sem_fund__q3__urbano",2245,0.00855484122872444,0.0440177897171397,0.194349631903333,0.0537142502047872,0.0541507483279367,0.0436498123149491,0.0554174773126471,0.0556792873051225,0.0521766248717824
"ia_grave","nao_negra__mulher__sem_fund__q4__rural",1286,-0.0236127569792836,0.0482822879565841,-0.489056297425599,0.0226567456902421,0.0221397300596772,-0.0517015630564856,0.0150958441177684,0.0147744945567652,0.019612871507826
"ia_grave","nao_negra__mulher__sem_fund__q4__urbano",3616,-0.0326746459446556,0.0444553911853815,-0.734998502395367,0.0308591086469344,0.0298967513650571,-0.0962357281877314,0.0262697991887483,0.0262721238938053,0.029645328753586
"ia_grave","nao_negra__mulher__superior__mais_2sm__rural",205,-0.00103860448140835,0.0499039118457757,-0.0208120855258417,0.0020343580101975,0.0020322505054013,-0.000210750479619952,0.0056352973452484,0,0
"ia_grave","nao_negra__mulher__superior__mais_2sm__urbano",5719,-0.0239131369201879,0.0489892601585552,-0.488130191041716,0.00279218068082505,0.00272638277454852,-0.00657979062765371,0.0014304699185072,0.00104913446406714,0.000818225163105573
"ia_grave","nao_negra__mulher__superior__q1__rural",16,-0.00142420439903982,0.0498955173786426,-0.0285437344648007,0.0357544147510018,0.0357053462794634,-0.00490684715384465,0.0178600707056687,0,0
"ia_grave","nao_negra__mulher__superior__q1__urbano",242,-0.00419180798276131,0.0492519018231844,-0.085109565876461,0.0484633662261295,0.0482704278587228,-0.0192938367406768,0.0399519593214262,0.0413223140495868,0.044442154834546
"ia_grave","nao_negra__mulher__superior__q2__rural",53,0.00461993121072898,0.0498600833250247,0.0926579119535936,0.0215406206348797,0.0216382087200003,0.00975880851206042,0.0477294187924489,0.0566037735849057,0.0364620197891452
"ia_grave","nao_negra__mulher__superior__q2__urbano",284,0.00162332312715729,0.0494329506806571,0.0328388879240519,0.0293510504789555,0.0293973336016882,0.00462831227327418,0.0311959136874518,0.0316901408450704,0.0343476061956535
"ia_grave","nao_negra__mulher__superior__q3__rural",111,-0.00313833732371601,0.0498524878160564,-0.0629524716057444,0.0113764047018278,0.0113411619505431,-0.00352427512846989,0.00802026613064889,0,0
"ia_grave","nao_negra__mulher__superior__q3__urbano",1035,0.0093403413329985,0.0489629198177282,0.190763568998118,0.0155599918792447,0.01570371537344,0.0143723494195324,0.0195339878163775,0.0193236714975845,0.0208087614482944
"ia_grave","nao_negra__mulher__superior__q4__rural",173,-0.00275856824422332,0.0498614811884955,-0.0553246349380371,0.00641370375250707,0.00639614850256721,-0.00175552499398672,0.00623743113503772,0,0
"ia_grave","nao_negra__mulher__superior__q4__urbano",2681,-0.00132406024514648,0.048538504009937,-0.0272785548741966,0.00878851859590077,0.00877699183427362,-0.00115267616271515,0.00888230753038421,0.00857888847444983,0.00672321508999737
"ia_grave","negra__homem__fund_med__mais_2sm__rural",124,-0.00176120074819678,0.0498861073558818,-0.0353044332690177,0.00570727242816802,0.00569728683873961,-0.000998558942840681,0.00754760650551543,0,0
"ia_grave","negra__homem__fund_med__mais_2sm__urbano",473,0.0130920143708534,0.0496999210419076,0.263421230786545,0.00782257491288625,0.00792484456398732,0.0102269651101071,0.0194912149704894,0.0190274841437632,0.0187627806956082
"ia_grave","negra__homem__fund_med__q1__rural",358,-0.00659083306527078,0.0481343601915611,-0.136925743669203,0.0945396516941837,0.0939769695264894,-0.0562682167694298,0.0840194269918788,0.0865921787709497,0.0773423459865338
"ia_grave","negra__homem__fund_med__q1__urbano",340,0.00309076735487212,0.047754133298943,0.0647225096835865,0.125425899032337,0.125765331114836,0.033943208249923,0.125716705694387,0.129411764705882,0.137596122549901
"ia_grave","negra__homem__fund_med__q2__rural",532,-0.0257033996818923,0.0482405809185385,-0.532816960170865,0.0583710822698492,0.0569742559914706,-0.13968262783786,0.0370794132172072,0.037593984962406,0.0349430973904233
"ia_grave","negra__homem__fund_med__q2__urbano",716,-0.0158675609608335,0.047025127061644,-0.33742728520506,0.0784649771365855,0.0773252690916323,-0.113970804495321,0.0673977094225015,0.0684357541899441,0.0744683653999043
"ia_grave","negra__homem__fund_med__q3__rural",586,-0.0104853920495436,0.0488668192505335,-0.214570790781091,0.0313853966024661,0.0310681984711299,-0.0317198131336214,0.0239946942026343,0.0238907849829352,0.0368121261107199
"ia_grave","negra__homem__fund_med__q3__urbano",1479,0.0107844206852022,0.0465212464396709,0.231817105313108,0.0426100009653113,0.0430521213717436,0.0442120406432239,0.0456821870068779,0.0459770114942529,0.0457406974830575
"ia_grave","negra__homem__fund_med__q4__rural",394,-0.00498415521503287,0.0495073150203211,-0.100675126756259,0.0178518348154942,0.0177646565690178,-0.00871782464763569,0.0138980122829146,0.0126903553299492,0.0172168529612535
"ia_grave","negra__homem__fund_med__q4__urbano",1506,0.0258752456302507,0.0477923754574841,0.541409490165836,0.0243580416216046,0.0249805869318515,0.0622545310246983,0.0317699857671961,0.0318725099601594,0.0300845838234053
"ia_grave","negra__homem__medio_comp__mais_2sm__rural",188,-0.00188694118189265,0.0498829161117841,-0.0378274032268712,0.00403364439699212,0.00402607093828035,-0.000757345871176505,0.00593687005001358,0,0
"ia_grave","negra__homem__medio_comp__mais_2sm__urbano",1723,0.0108806245070019,0.0493439118529569,0.220505916503454,0.00553209666696463,0.00559227953919093,0.00601828722263031,0.00861102862985686,0.00812536273940801,0.00905995945046462
"ia_grave","negra__homem__medio_comp__q1__rural",279,0.0163612010850741,0.0488410137701735,0.334988973858394,0.0686140189598734,0.0696670085949799,0.105298963510651,0.0896973128589522,0.0931899641577061,0.0730431486254981
"ia_grave","negra__homem__medio_comp__q1__urbano",513,0.008693105882029,0.0474451582033793,0.183224299616938,0.0918898879788873,0.0926178721960942,0.0727984217206934,0.0973838406138697,0.0994152046783626,0.106766562766685
"ia_grave","negra__homem__medio_comp__q2__rural",538,-0.0131209086092253,0.0486522708725236,-0.269687485782608,0.0419049340991275,0.0413812987993785,-0.0523635299748984,0.0313314179457718,0.0315985130111524,0.0263071273691946
"ia_grave","negra__homem__medio_comp__q2__urbano",1290,-0.00448209269646305,0.0461356013533911,-0.0971504123709358,0.0566716052673796,0.0564324684602357,-0.0239136807143811,0.0545923067622953,0.0550387596899225,0.0609690331898073
"ia_grave","negra__homem__medio_comp__q3__rural",713,0.00975023646838425,0.0489789051199959,0.199070118952162,0.022351060903343,0.0225651132944854,0.021405239114233,0.0279712316424997,0.0280504908835905,0.0327776484096191
"ia_grave","negra__homem__medio_comp__q3__urbano",3120,-0.0284389797798175,0.0451387095606444,-0.630035285825117,0.0304462050650196,0.0296178258760224,-0.0828379188997155,0.025961739367063,0.0259615384615385,0.0257389225592764
"ia_grave","negra__homem__medio_comp__q4__rural",463,-0.00457755057358156,0.0495749387699245,-0.0923359803796392,0.0126622300902322,0.0126051295002446,-0.00571005899875736,0.0101752602145149,0.00863930885529158,0.00594539163838624
"ia_grave","negra__homem__medio_comp__q4__urbano",3591,-0.00467806531049323,0.046527413514881,-0.100544280394977,0.0173103904197672,0.017230992492875,-0.00793979268922072,0.0168009344477901,0.0167084377610693,0.022898839596287
"ia_grave","negra__homem__sem_fund__mais_2sm__rural",483,-0.0014490466116249,0.0496497226211175,-0.0291853918839132,0.00949861398697882,0.0094849904762875,-0.00136235106913234,0.00981081009746251,0.0082815734989648,0.00668269757402147
"ia_grave","negra__homem__sem_fund__mais_2sm__urbano",785,0.00436364551853369,0.0493118535536629,0.0884908030030754,0.0130007386487147,0.0130568508783791,0.00561122296643731,0.0157708554339041,0.0152866242038217,0.016012021638974
"ia_grave","negra__homem__sem_fund__q1__rural",2026,-0.00443900864531049,0.0390271090671435,-0.113741672171348,0.14852724580188,0.147966733552206,-0.0560512249674849,0.146402872532731,0.147087857847976,0.154350845366519
"ia_grave","negra__homem__sem_fund__q1__urbano",1123,-0.0279441780428417,0.0417670406183137,-0.669048551900251,0.193286221307137,0.18896628570581,-0.431993560132754,0.177596093611751,0.178984861976848,0.190403421264273
"ia_grave","negra__homem__sem_fund__q2__rural",2560,0.00445197068141045,0.0401735370741361,0.110818489126183,0.0938450237994009,0.0942242962548376,0.0379272455436647,0.094524411853013,0.094921875,0.103722176339857
"ia_grave","negra__homem__sem_fund__q2__urbano",1916,-0.0157857023615866,0.0405702526212178,-0.389095490949219,0.124535547559932,0.122824664431025,-0.17108831289071,0.11888889663595,0.119519832985386,0.116471647527576
"ia_grave","negra__homem__sem_fund__q3__rural",3671,0.0419641449411057,0.0412810772902139,1.01654674964245,0.0513536996333519,0.0534369617714743,0.208326213812233,0.057852965468806,0.0580223372378099,0.0541171687482281
"ia_grave","negra__homem__sem_fund__q3__urbano",3756,-0.0155122447184641,0.0395324925215891,-0.392392276049699,0.0692094552885684,0.0682168173735253,-0.0992637915043129,0.0663655734498738,0.0665601703940362,0.0696191568221742
"ia_grave","negra__homem__sem_fund__q4__rural",3116,0.022731988506368,0.0450752759077921,0.504311688582217,0.0294716786991846,0.0301288852233886,0.0657206524203986,0.0329962802681684,0.0330551989730424,0.0296405031084979
"ia_grave","negra__homem__sem_fund__q4__urbano",4144,0.0338836144866138,0.0420537762998879,0.805721090181956,0.0400401573508377,0.0413630304635707,0.1322873112733,0.0445423957324075,0.0446428571428571,0.0415934368942939
"ia_grave","negra__homem__superior__mais_2sm__rural",138,-0.000915380358488761,0.0499069917284233,-0.0183417258140892,0.00266317618489404,0.00266074596459837,-0.000243022029566874,0.00710833788955448,0,0
"ia_grave","negra__homem__superior__mais_2sm__urbano",2889,-0.0013543785084067,0.0492885477074282,-0.0274785639139978,0.00365438338426327,0.00364945536658131,-0.000492801768196306,0.00395323005643512,0.00346140533056421,0.00250433560417431
"ia_grave","negra__homem__superior__q1__rural",20,0.00515794566378182,0.0498746130453699,0.10341825928734,0.0463222773836178,0.0465506714400552,0.0228394056437424,0.0977432833224661,0.15,0.0574529924938603
"ia_grave","negra__homem__superior__q1__urbano",149,-0.00809856698576164,0.0493984953091843,-0.163943596562463,0.0625439397747209,0.062070781887297,-0.0473157887423879,0.0382671986227816,0.0402684563758389,0.0467224272893495
"ia_grave","negra__homem__superior__q2__rural",40,-0.000301277365591218,0.0498621018603195,-0.00604221150634999,0.028029462060506,0.0280212552838206,-0.00082067766854696,0.0254195413647547,0.025,0.0137067652171184
"ia_grave","negra__homem__superior__q2__urbano",210,-2.99482516661701e-06,0.0494575545521768,-6.05534421128226e-05,0.0381010683416875,0.0381009585833629,-1.09758324547127e-05,0.0368177687477349,0.0380952380952381,0.0445436162515785
"ia_grave","negra__homem__superior__q3__rural",83,-0.00306343877925568,0.0498545916961746,-0.0614474750475339,0.0148498726751273,0.0148051230879742,-0.00447495871530573,0.00934263669733313,0,0
"ia_grave","negra__homem__superior__q3__urbano",797,0.00439613021522528,0.0489683369845202,0.0897749543059831,0.0202845930332335,0.0203721423841814,0.00875493509479019,0.0227136589371864,0.0225846925972397,0.021100129428028
"ia_grave","negra__homem__superior__q4__rural",104,0.000318367277376951,0.0498760209522171,0.00638317314209883,0.00838480039900492,0.00838744787665225,0.000264747764733286,0.0140905083817539,0.00961538461538462,0.00596475590784023
"ia_grave","negra__homem__superior__q4__urbano",1760,-0.000490628618998751,0.0487317441508997,-0.0100679470342679,0.0114810236962935,0.0114754567835639,-0.000556691272951722,0.0117075996765523,0.0113636363636364,0.00939442612680469
"ia_grave","negra__mulher__fund_med__mais_2sm__rural",26,-0.000413926204884842,0.0499195032319071,-0.00829187347802516,0.00638865006336261,0.00638602306480572,-0.000262699855688945,0.0153700750753756,0,0
"ia_grave","negra__mulher__fund_med__mais_2sm__urbano",264,0.00418637054729598,0.0497872144741955,0.0840852534432461,0.00875426996223007,0.00879067255837617,0.00364025961461026,0.0164672995202576,0.0151515151515152,0.00909943293661057
"ia_grave","negra__mulher__fund_med__q1__rural",552,0.00485741106904322,0.0469803334670148,0.103392434888817,0.104709644170016,0.105165879882947,0.0456235712931727,0.10667077579379,0.108695652173913,0.103279313004475
"ia_grave","negra__mulher__fund_med__q1__urbano",1024,0.0138732980327887,0.0436656357160706,0.317716616402833,0.13841055125023,0.140073299042073,0.166274779184325,0.14416567946733,0.1455078125,0.15135311145097
"ia_grave","negra__mulher__fund_med__q2__rural",577,0.00122840587598186,0.0478805958025119,0.0256556096554966,0.0649292863687403,0.0650039070282628,0.0074620659522448,0.0646278474527288,0.0658578856152513,0.0551720513322278
"ia_grave","negra__mulher__fund_med__q2__urbano",1507,-0.0370208413336429,0.0439672519931283,-0.842009442378363,0.0870720422252819,0.0841738721262786,-0.289817009900334,0.0737784878647391,0.0743198407431984,0.0823499705263214
"ia_grave","negra__mulher__fund_med__q3__rural",434,0.0211554705946303,0.0490239957132408,0.431532972513631,0.0350244352226033,0.0357465180188803,0.0722082796277008,0.0539925953238727,0.0552995391705069,0.0433850495661223
"ia_grave","negra__mulher__fund_med__q3__urbano",1744,-0.0204822438707335,0.04571216972463,-0.448069824602912,0.0474866929170305,0.0465687857666649,-0.0917907150365556,0.0416490994522485,0.0418577981651376,0.0375546347354616
"ia_grave","negra__mulher__fund_med__q4__rural",159,0.00946768922779728,0.0497356206378465,0.190360331415927,0.0199540251569252,0.0201400179152962,0.0185992758370983,0.0417269000913434,0.0440251572327044,0.0356647172796658
"ia_grave","negra__mulher__fund_med__q4__urbano",1286,0.00233033713964871,0.0479333727882465,0.0486161729103302,0.0272051654202742,0.0272669058920734,0.00617404717992397,0.0279502822628977,0.0279937791601866,0.0247666864070278
"ia_grave","negra__mulher__medio_comp__mais_2sm__rural",70,0.00170354190777691,0.0499101601338774,0.0341321667413485,0.00451611912298499,0.00452378424497255,0.000766512198756286,0.0181771149300039,0.0142857142857143,0.00643300293584244
"ia_grave","negra__mulher__medio_comp__mais_2sm__urbano",1076,-0.00162684704279434,0.0495233091611335,-0.0328501279569402,0.00619269074227667,0.00618268660931021,-0.001000413296646,0.00654544425421369,0.00557620817843866,0.00502210730080848
"ia_grave","negra__mulher__medio_comp__q1__rural",577,3.47574005226543e-05,0.0475781228025514,0.000730533246696114,0.0762298884345908,0.0762323360482943,0.00024476137035212,0.0748229739959321,0.0762564991334489,0.0827364599431329
"ia_grave","negra__mulher__medio_comp__q1__urbano",1492,0.0131979111119577,0.0430731586371134,0.306406855906451,0.101806884739089,0.103020089499446,0.121320476035616,0.10582367360388,0.10656836461126,0.124750301466356
"ia_grave","negra__mulher__medio_comp__q2__rural",866,-0.0237812840045384,0.0477350014077716,-0.498193847348807,0.0467048680872351,0.0456573827289493,-0.104748535828586,0.0343930848797089,0.0346420323325635,0.0326280068238679
"ia_grave","negra__mulher__medio_comp__q2__urbano",2814,0.0203438852391477,0.0418727531454656,0.485850194002606,0.0630516524658708,0.0642642277468724,0.121257528100162,0.0669021534284293,0.0671641791044776,0.0654042851874501
"ia_grave","negra__mulher__medio_comp__q3__rural",720,-0.0166734191831135,0.048889399486611,-0.341043648688704,0.0249695997795235,0.0245668658702373,-0.0402733909286215,0.015803545186092,0.0152777777777778,0.0180549506413747
"ia_grave","negra__mulher__medio_comp__q3__urbano",4546,-0.0172516056712983,0.0427190818048591,-0.403838400602891,0.0339801675766899,0.0334184049958793,-0.0561762580810608,0.0318617196801489,0.0318961724593049,0.0254405084613229
"ia_grave","negra__mulher__medio_comp__q4__rural",295,0.00449638168820122,0.0496742868362966,0.0905172872037239,0.0141621167118712,0.0142250305048301,0.00629137929589081,0.0209022000215566,0.0203389830508475,0.0128000518586071
"ia_grave","negra__mulher__medio_comp__q4__urbano",3402,0.0068063619508791,0.0463188889190707,0.146945708537425,0.0193500777056594,0.0194796562758889,0.0129578570229463,0.0203371595049807,0.0202821869488536,0.0166307822154015
"ia_grave","negra__mulher__sem_fund__mais_2sm__rural",249,0.0182126470197886,0.049764711021017,0.365975138730272,0.0106277926745673,0.0108210125754215,0.019321990085417,0.0389111189469332,0.0401606425702811,0.035337415109844
"ia_grave","negra__mulher__sem_fund__mais_2sm__urbano",593,0.0131266740287579,0.0494026297400094,0.265708001736739,0.0145401323238183,0.0147294242592682,0.0189291935449927,0.0237259620683849,0.0236087689713322,0.0202406091419513
"ia_grave","negra__mulher__sem_fund__q1__rural",1618,0.00566389637696473,0.0400573072310864,0.141394835760934,0.163456475398594,0.164232424844261,0.0775949445666557,0.164714559883531,0.165636588380717,0.164505999862554
"ia_grave","negra__mulher__sem_fund__q1__urbano",2187,-0.0522852756853913,0.0363944461955814,-1.43662786910985,0.211596385135197,0.203005481548266,-0.859090358693138,0.192668436053186,0.193415637860082,0.204359440484743
"ia_grave","negra__mulher__sem_fund__q2__rural",1857,-0.00528653536657758,0.041762105427419,-0.126586897678456,0.103948870949043,0.103457494483448,-0.0491376465595536,0.101734899975057,0.102315562735595,0.110890815069523
"ia_grave","negra__mulher__sem_fund__q2__urbano",3141,-0.0268963079956052,0.0361249836303767,-0.744534814764279,0.137442511947774,0.134284880876738,-0.315763107103625,0.130440030056446,0.130850047755492,0.13059885197434
"ia_grave","negra__mulher__sem_fund__q3__rural",2279,0.00325577057260283,0.043671653555609,0.0745511174303741,0.0571713449136608,0.0573470932354761,0.0175748321815362,0.0576485466362729,0.0579201404124616,0.0562694506958779
"ia_grave","negra__mulher__sem_fund__q3__urbano",4972,-0.00302164542026938,0.0364393655528071,-0.0829225584592158,0.0768859598975168,0.0766717740968759,-0.021418580064092,0.0762585528970879,0.0764279967819791,0.0800849697147562
"ia_grave","negra__mulher__sem_fund__q4__rural",1762,-0.00648426009751678,0.0467860089216408,-0.138593999509061,0.0328963635887761,0.0326906957393523,-0.0205667849423885,0.0311357130301937,0.0312145289443814,0.0328060037382914
"ia_grave","negra__mulher__sem_fund__q4__urbano",4469,0.0378469646402079,0.0408802787075032,0.925800063913493,0.0446364447109028,0.0462784952102782,0.164205049937535,0.0495636827774061,0.0496755426269859,0.0472000937832595
"ia_grave","negra__mulher__superior__mais_2sm__rural",127,-0.0009433080150716,0.0499063048323585,-0.0189015800356346,0.00298221647442041,0.00297941302971312,-0.000280344470728576,0.00744795376402981,0,0
"ia_grave","negra__mulher__superior__mais_2sm__urbano",2674,-0.00228429459089772,0.049266594562978,-0.0463659932487861,0.00409168007976878,0.0040823822570259,-0.000929782274287742,0.00425076369055644,0.0037397157816006,0.00414548066958373
"ia_grave","negra__mulher__superior__q1__rural",61,-0.000365387931301583,0.0497450664439886,-0.00734520943324095,0.051600938066259,0.0515830595383189,-0.00178785279400587,0.0428505733722368,0.0491803278688525,0.0163701873207012
"ia_grave","negra__mulher__superior__q1__urbano",321,0.00397892138160707,0.048681177950824,0.081734287235745,0.0695363575830871,0.0697942393392612,0.0257881756174097,0.0722764157819372,0.0747663551401869,0.0856379789357011
"ia_grave","negra__mulher__superior__q2__rural",114,-0.00634568587973339,0.0497173372711257,-0.127635272281945,0.0312919611121276,0.0311001768309489,-0.0191784281178678,0.0132582773626574,0.0087719298245614,0.00262801321130848
"ia_grave","negra__mulher__superior__q2__urbano",577,0.0152705815054264,0.0485112164750384,0.314784551182795,0.0424846150804746,0.0431101756750959,0.0625560594621259,0.0527742920269653,0.0537261698440208,0.0418345014589309
"ia_grave","negra__mulher__superior__q3__rural",201,-0.00578021077329179,0.049727869694039,-0.116236846839725,0.0166045354328601,0.0165104146312192,-0.00941208016409789,0.00898089703795766,0.00497512437810945,0.00303238861184736
"ia_grave","negra__mulher__superior__q3__urbano",1553,0.0133074248878467,0.0478930050810324,0.27785737949271,0.0226666478203217,0.0229633256281795,0.0296677807857838,0.0263927984760523,0.0264005151320026,0.0286219644975171
"ia_grave","negra__mulher__superior__q4__rural",196,0.00288116389098271,0.0498164516165707,0.0578355904021141,0.0093828251441841,0.00940964284054763,0.0026817696363533,0.0169635207556572,0.0153061224489796,0.0153193295609232
"ia_grave","negra__mulher__superior__q4__urbano",2391,0.0029962607722496,0.0481388552670289,0.0622420445112201,0.0128428121665783,0.0128808538832759,0.0038041716697643,0.0135896213005776,0.013383521539105,0.0109777323797362
