arquivo,origem,variancia,linhas,colunas_de_IC,sha256
t1_descritiva.csv,d11_regressoes_C.py (t2: motor d1_motor.run_raw),C: 200 pesos replicados (bootstrap Rao-Wu-Yue; mse; divisor R-1),16,ver arquivo; coluna 'variancia' identifica a configuracao,4ff527dc05498df9e469115a53b74e61bd9e628134b053b5fa5040fa1b14d015
t2_pares.csv,d11_regressoes_C.py (t2: motor d1_motor.run_raw),C: 200 pesos replicados (bootstrap Rao-Wu-Yue; mse; divisor R-1),8,ver arquivo; coluna 'variancia' identifica a configuracao,a92267f217b5f4ef93407214e5e4387d8d6819bddc98c9b099201f0f357df74b
t3_conjunto.csv,d11_regressoes_C.py (t2: motor d1_motor.run_raw),C: 200 pesos replicados (bootstrap Rao-Wu-Yue; mse; divisor R-1),20,ver arquivo; coluna 'variancia' identifica a configuracao,5614a4cf26f369587485015c81c1017978d91caf1efc6722bacbcf7ac11a0c59
t4_gradiente_prev.csv,d11_regressoes_C.py (t2: motor d1_motor.run_raw),C: 200 pesos replicados (bootstrap Rao-Wu-Yue; mse; divisor R-1),10,ver arquivo; coluna 'variancia' identifica a configuracao,84ba12962cf79216cb341f0491a79fa810832a5e4c6d1af45ffc5f41a124c44e
t5_gradiente_modelos.csv,d11_regressoes_C.py (t2: motor d1_motor.run_raw),C: 200 pesos replicados (bootstrap Rao-Wu-Yue; mse; divisor R-1),4,ver arquivo; coluna 'variancia' identifica a configuracao,c2d4b6aef401c32e4dc7c333ec8a108060b6cf5f9436c322453dc519c834c727
t6_estratificado.csv,d11_regressoes_C.py (t2: motor d1_motor.run_raw),C: 200 pesos replicados (bootstrap Rao-Wu-Yue; mse; divisor R-1),32,ver arquivo; coluna 'variancia' identifica a configuracao,fc32ce84f5403f8b1f4020889dee7a7d3acab089b151a158c295a11da28b4ba1
t7_tripla.csv,d11_regressoes_C.py (t2: motor d1_motor.run_raw),C: 200 pesos replicados (bootstrap Rao-Wu-Yue; mse; divisor R-1),4,ver arquivo; coluna 'variancia' identifica a configuracao,1cc32e6781ca5a578a4bed2eee456d3f2673818911ff3d02bec8b736f4350e79
atenuacao_renda_raca_sexo_2023.csv,d11_regressoes_C.py (t2: motor d1_motor.run_raw),C: 200 pesos replicados (bootstrap Rao-Wu-Yue; mse; divisor R-1),24,ver arquivo; coluna 'variancia' identifica a configuracao,d70fa8a0a796525be3c8465cc1301c26de085d75e1534856b781a15de92a0137
m1_maihda_geral.csv,"copia sem alteracao de dados/v2_20260925 (MAIHDA, R/lme4)","MAIHDA: modelo misto NAO ponderado, escala logit; sem pesos replicados",2,IC de perfil de verossimilhanca / Wald (ver relatorio da v1),3cda6ac34bf72e853d78cd8ca8e8646127348606cb8dbaef6524573f69ea3ee9
m2_maihda_coef.csv,"copia sem alteracao de dados/v2_20260925 (MAIHDA, R/lme4)","MAIHDA: modelo misto NAO ponderado, escala logit; sem pesos replicados",22,IC de perfil de verossimilhanca / Wald (ver relatorio da v1),057b2ebe7f7fa2e955ce1818ff8139f5e35f3b700a4a836969059b5d7c616c4b
m3_maihda_estratos.csv,"copia sem alteracao de dados/v2_20260925 (MAIHDA, R/lme4)","MAIHDA: modelo misto NAO ponderado, escala logit; sem pesos replicados",320,IC de perfil de verossimilhanca / Wald (ver relatorio da v1),81ec84d59c9d7f7a59980ec68f2d153bb4af5aa346dd42e9f66c80aea3ab1bb6
m4_auc.csv,"copia sem alteracao de dados/v2_20260925 (MAIHDA, R/lme4)","MAIHDA: modelo misto NAO ponderado, escala logit; sem pesos replicados",2,IC de perfil de verossimilhanca / Wald (ver relatorio da v1),7c950600005b939f740125098c08ca99250799b2d04ffa9bb53938c903b7d1ef
