variavel,categoria,n,pct_pond_amostra,ia_total_pct,ia_total_lo,ia_total_hi,ia_grave_pct,ia_grave_lo,ia_grave_hi,variancia
Total,Brasil,173676,100.0,27.59462376881025,27.175375422425784,28.017851652460724,4.094664760302135,3.955360700904336,4.238658457430119,C: 200 pesos replicados (bootstrap Rao-Wu-Yue; mse; divisor R-1)
Cor/raca,nao negra,70207,43.38125509150202,19.286826105384392,18.757487701378412,19.827456841448875,2.405555341869125,2.2503880860141066,2.5711401676619885,C: 200 pesos replicados (bootstrap Rao-Wu-Yue; mse; divisor R-1)
Cor/raca,negra (preta+parda),103469,56.61874490849799,33.96005433898823,33.43615363396474,34.487910736999076,5.3888595835346615,5.189068941180414,5.595888591586619,C: 200 pesos replicados (bootstrap Rao-Wu-Yue; mse; divisor R-1)
Sexo,homem,82792,48.154068260057144,23.19429065237716,22.739233235636295,23.655666419084767,3.497550510577126,3.313971985804277,3.6909102175295345,C: 200 pesos replicados (bootstrap Rao-Wu-Yue; mse; divisor R-1)
Sexo,mulher,90884,51.84593173994284,31.681616405350393,31.154206927720864,32.21377663736338,4.649259486934445,4.455471722056506,4.851047975337445,C: 200 pesos replicados (bootstrap Rao-Wu-Yue; mse; divisor R-1)
Situacao,urbano,128970,87.8049520938772,26.64720986858124,26.187079187984104,27.11245576706036,3.903764039675036,3.7473992383084,4.066377712334707,C: 200 pesos replicados (bootstrap Rao-Wu-Yue; mse; divisor R-1)
Situacao,rural,44706,12.195047906122785,34.41605102051591,33.444091652349236,35.40123288429935,5.469159453425348,5.09905005242022,5.864472790345699,C: 200 pesos replicados (bootstrap Rao-Wu-Yue; mse; divisor R-1)
Instrucao,sem_fund,71226,33.39952842548121,36.624135805987734,36.02351163619845,37.22894678368889,7.213489236583374,6.9420506851496855,7.494686424433886,C: 200 pesos replicados (bootstrap Rao-Wu-Yue; mse; divisor R-1)
Instrucao,fund_med,22411,13.24611713662647,32.75894618473953,31.877802040640102,33.652414435640445,4.682626701851519,4.33330907590028,5.058614602654594,C: 200 pesos replicados (bootstrap Rao-Wu-Yue; mse; divisor R-1)
Instrucao,medio_comp,46319,30.139881432240717,26.591024346775217,26.02250614756376,27.167401767047128,2.8617062820941803,2.653555870884348,3.0856668885941834,C: 200 pesos replicados (bootstrap Rao-Wu-Yue; mse; divisor R-1)
Instrucao,superior,33720,23.214473005651612,12.959775243998717,12.409099001174269,13.531113655318622,0.8727842921557887,0.7568574820403554,1.0062874083210334,C: 200 pesos replicados (bootstrap Rao-Wu-Yue; mse; divisor R-1)
Renda pc,q1,16797,8.32083935398355,56.655307786539645,55.408340340738874,57.893903672943495,13.76730256822754,13.047349117419483,14.520349009376169,C: 200 pesos replicados (bootstrap Rao-Wu-Yue; mse; divisor R-1)
Renda pc,q2,25696,13.42328217229897,49.737648405630786,48.76539461099621,50.71010064225744,8.30604611702187,7.787649416408103,8.855636709179226,C: 200 pesos replicados (bootstrap Rao-Wu-Yue; mse; divisor R-1)
Renda pc,q3,45925,25.922127432533475,33.45696794599017,32.77583276793653,34.14506844485536,4.101027033536653,3.845491406492902,4.372770969096205,C: 200 pesos replicados (bootstrap Rao-Wu-Yue; mse; divisor R-1)
Renda pc,q4,53439,31.32442166382987,19.061684579803785,18.509851051233706,19.62600766787662,2.1885088424901826,2.024432264866672,2.3655624552521277,C: 200 pesos replicados (bootstrap Rao-Wu-Yue; mse; divisor R-1)
Renda pc,q5,31819,21.00932937735413,7.426612163484723,6.965845509536507,7.915263890310246,0.4072211415673048,0.3241258078010223,0.5115101000082091,C: 200 pesos replicados (bootstrap Rao-Wu-Yue; mse; divisor R-1)
