desfecho,termo,tipo,rr,lo,hi,p,variancia
ia_total,negra,principal,1.828406199321698,1.7338899536963106,1.9280746292988513,0.0,C: 200 pesos replicados (bootstrap Rao-Wu-Yue; mse; divisor R-1)
ia_total,mulher,principal,1.3774511000815126,1.321848033464779,1.435393089886777,0.0,C: 200 pesos replicados (bootstrap Rao-Wu-Yue; mse; divisor R-1)
ia_total,sem_fund,principal,1.6241805930339552,1.5563024504601015,1.6950192412845264,0.0,C: 200 pesos replicados (bootstrap Rao-Wu-Yue; mse; divisor R-1)
ia_total,renda_q1,principal,2.3449251454905973,2.2185448376600645,2.4785047588912557,0.0,C: 200 pesos replicados (bootstrap Rao-Wu-Yue; mse; divisor R-1)
ia_total,rural,principal,0.9970509654884726,0.939786583104854,1.0578046608168914,0.922040612989854,C: 200 pesos replicados (bootstrap Rao-Wu-Yue; mse; divisor R-1)
ia_total,negra:mulher,interacao,0.9438765891943276,0.8975033833376124,0.992645857574431,0.024631575741900447,C: 200 pesos replicados (bootstrap Rao-Wu-Yue; mse; divisor R-1)
ia_total,negra:sem_fund,interacao,0.8411823865999344,0.8006879923522441,0.8837247645580709,6.399103469334477e-12,C: 200 pesos replicados (bootstrap Rao-Wu-Yue; mse; divisor R-1)
ia_total,negra:renda_q1,interacao,0.7731317134587293,0.730590923295714,0.8181495653672288,0.0,C: 200 pesos replicados (bootstrap Rao-Wu-Yue; mse; divisor R-1)
ia_total,negra:rural,interacao,1.067954090502163,1.004863285929198,1.1350060803203261,0.034334721560577375,C: 200 pesos replicados (bootstrap Rao-Wu-Yue; mse; divisor R-1)
ia_total,WALD_conjunto_4gl,teste,142.0136387100941,,,1.0459328530693472e-29,C: 200 pesos replicados (bootstrap Rao-Wu-Yue; mse; divisor R-1)
ia_grave,negra,principal,2.3241035036446855,1.9854506544158836,2.720519436552103,0.0,C: 200 pesos replicados (bootstrap Rao-Wu-Yue; mse; divisor R-1)
ia_grave,mulher,principal,1.2945478613928811,1.1351877435039104,1.4762792983160054,0.000117247214560523,C: 200 pesos replicados (bootstrap Rao-Wu-Yue; mse; divisor R-1)
ia_grave,sem_fund,principal,2.9401680500712493,2.56999002941942,3.363666031269642,0.0,C: 200 pesos replicados (bootstrap Rao-Wu-Yue; mse; divisor R-1)
ia_grave,renda_q1,principal,4.375417313895789,3.779392718007858,5.065437253853341,0.0,C: 200 pesos replicados (bootstrap Rao-Wu-Yue; mse; divisor R-1)
ia_grave,rural,principal,0.8850769906948784,0.760652521689204,1.029854312081774,0.11424775878283522,C: 200 pesos replicados (bootstrap Rao-Wu-Yue; mse; divisor R-1)
ia_grave,negra:mulher,interacao,0.9327061305087357,0.8072775078024358,1.077622896067951,0.3444410118164516,C: 200 pesos replicados (bootstrap Rao-Wu-Yue; mse; divisor R-1)
ia_grave,negra:sem_fund,interacao,0.7902014194318208,0.6741095080693604,0.9262861238382306,0.0036786806435173958,C: 200 pesos replicados (bootstrap Rao-Wu-Yue; mse; divisor R-1)
ia_grave,negra:renda_q1,interacao,0.727924004157663,0.6192396407140356,0.8556838435245145,0.00011859031137206877,C: 200 pesos replicados (bootstrap Rao-Wu-Yue; mse; divisor R-1)
ia_grave,negra:rural,interacao,0.9667401884829555,0.8255170768268743,1.1321226637980983,0.6746222564203164,C: 200 pesos replicados (bootstrap Rao-Wu-Yue; mse; divisor R-1)
ia_grave,WALD_conjunto_4gl,teste,36.91066806294532,,,1.8792690446795472e-07,C: 200 pesos replicados (bootstrap Rao-Wu-Yue; mse; divisor R-1)
