desfecho,n_desv,nao_negra_n,nao_negra_pct,nao_negra_lo,nao_negra_hi,negra_n,negra_pct,negra_lo,negra_hi,diferenca_pp,razao,variancia
ia_total,0,17519,11.8981017086548,11.250460526612727,12.57774117655506,19554,21.659591805018227,20.82993765736429,22.51289426123962,9.761490096363428,1.8204241597012758,C: 200 pesos replicados (bootstrap Rao-Wu-Yue; mse; divisor R-1)
ia_total,1,30406,19.08687642985612,18.387080622780314,19.80684206328199,39340,31.776195038218063,31.047431492766325,32.51399837656674,12.689318608361944,1.6648190265701637,C: 200 pesos replicados (bootstrap Rao-Wu-Yue; mse; divisor R-1)
ia_total,2,17315,28.57234098418407,27.622652182450214,29.541354071222347,31407,43.73864334901156,42.93131723799499,44.5492999555542,15.16630236482749,1.5308036318488094,C: 200 pesos replicados (bootstrap Rao-Wu-Yue; mse; divisor R-1)
ia_total,3,4567,38.68095096903612,36.57679403346131,40.82823143261679,11550,54.82496140966375,53.15396940743792,56.48514461489168,16.144010440627632,1.4173633283615705,C: 200 pesos replicados (bootstrap Rao-Wu-Yue; mse; divisor R-1)
ia_total,4,400,58.72458563183296,52.903196550332645,64.31182827204861,1618,65.82016726729934,61.99721914346264,69.44805700105991,7.095581635466381,1.1208281260586719,C: 200 pesos replicados (bootstrap Rao-Wu-Yue; mse; divisor R-1)
ia_grave,0,17519,1.0005668200884288,0.8328700053437227,1.2016199343579195,19554,2.4346161193835365,2.1449574093732293,2.7622866556100654,1.4340492992951077,2.4332369118220094,C: 200 pesos replicados (bootstrap Rao-Wu-Yue; mse; divisor R-1)
ia_grave,1,30406,1.967220980489176,1.775109003442664,2.1796629909467047,39340,4.050483979905319,3.8028517184474997,4.3135183790705955,2.083262999416143,2.0589877904301894,C: 200 pesos replicados (bootstrap Rao-Wu-Yue; mse; divisor R-1)
ia_grave,2,17315,4.721586312828534,4.279124287843369,5.2073100909468435,31407,8.367438926788594,7.958082490238446,8.795840010528254,3.64585261396006,1.7721668889233881,C: 200 pesos replicados (bootstrap Rao-Wu-Yue; mse; divisor R-1)
ia_grave,3,4567,8.076589794870483,6.942545854583602,9.377209869740003,11550,12.858879900189748,11.942577041012148,13.834441505218015,4.782290105319266,1.5921174934941655,C: 200 pesos replicados (bootstrap Rao-Wu-Yue; mse; divisor R-1)
ia_grave,4,400,15.242939406146972,10.922609565868216,20.871728911399966,1618,16.450599986319514,14.14237791835164,19.051956717544417,1.2076605801725417,1.0792275392556854,C: 200 pesos replicados (bootstrap Rao-Wu-Yue; mse; divisor R-1)
