exposicao,estratificado_por,estrato,desfecho,n,prev_exposto,prev_exposto_lo,prev_exposto_hi,prev_nao_exposto,prev_nao_exposto_lo,prev_nao_exposto_hi,dif_pp,dif_pp_lo,dif_pp_hi,rr_ajustado,lo,hi,p,variancia
negra,renda,q1,ia_total,16797,60.6567530008398,59.31868292168734,61.979021372903965,46.356781533544215,43.99115152486338,48.73892361482356,14.299971467295586,11.71757412315278,16.882368811438393,1.2614778839742713,1.1969137318540557,1.3295247680809814,0.0,C: 200 pesos replicados (bootstrap Rao-Wu-Yue; mse; divisor R-1)
negra,renda,q1,ia_grave,16797,15.108761154790503,14.260412303971709,15.998161247942392,10.31478835619903,9.139072677250528,11.622409159898885,4.793972798591474,3.3243978780697394,6.263547719113209,1.3867443727021802,1.2155300764159305,1.5820751724148454,1.1567144582169675e-06,C: 200 pesos replicados (bootstrap Rao-Wu-Yue; mse; divisor R-1)
mulher,renda,q1,ia_total,16797,59.770651036376506,58.35254459000087,61.17260037362091,51.26572180899721,49.32182131190957,53.20580110268328,8.504929227379298,6.321987909733401,10.687870545025197,1.1718145029878542,1.12497804550932,1.2206009129635904,2.5757174171303632e-14,C: 200 pesos replicados (bootstrap Rao-Wu-Yue; mse; divisor R-1)
mulher,renda,q1,ia_grave,16797,14.102689290389437,13.159323929107094,15.101921852051756,13.187079000595848,11.994476165259043,14.4787527001943,0.9156102897935892,-0.7201315920381146,2.551352171625293,1.086838054355295,0.9659559001571,1.2228477057831455,0.16629540099636375,C: 200 pesos replicados (bootstrap Rao-Wu-Yue; mse; divisor R-1)
negra,renda,q2,ia_total,25696,52.00287324442567,50.905087235402554,53.098728566798634,43.5396585059576,41.6470708600712,45.451261781869626,8.463214738468078,6.302905210226223,10.623524266709932,1.1804813356467712,1.1258154861938336,1.2378015766346075,6.94999613415348e-12,C: 200 pesos replicados (bootstrap Rao-Wu-Yue; mse; divisor R-1)
negra,renda,q2,ia_grave,25696,8.738922691299928,8.111066562355719,9.410402271150984,7.1216318420098235,6.265891533852075,8.084162140622606,1.617290849290104,0.4986760865295694,2.7359056120506384,1.1858871831702027,1.022825885811272,1.3749440943136715,0.023882968872768418,C: 200 pesos replicados (bootstrap Rao-Wu-Yue; mse; divisor R-1)
mulher,renda,q2,ia_total,25696,51.604343633734096,50.36456104118211,52.842154554634135,46.74296639366168,45.38776572196797,48.10298997403873,4.861377240072412,3.117577148802669,6.605177331342155,1.1130980028017523,1.0743070030949746,1.1532896651253766,3.21152815452308e-09,C: 200 pesos replicados (bootstrap Rao-Wu-Yue; mse; divisor R-1)
mulher,renda,q2,ia_grave,25696,8.51425169120352,7.878232727557043,9.196491298426464,7.9720282878623605,7.248246926054039,8.761256662934125,0.5422234033411605,-0.38328511207528243,1.4677319187576034,1.108196560481731,0.9878569846157309,1.2431957619262677,0.07983338944614848,C: 200 pesos replicados (bootstrap Rao-Wu-Yue; mse; divisor R-1)
negra,renda,q3,ia_total,45925,36.16909159759233,35.36059498732185,36.98549674230886,28.4390183712668,27.413003145858188,29.48783496925998,7.730073226325529,6.504948715107793,8.955197737543266,1.2527942133239776,1.2035797894247409,1.304021016910058,0.0,C: 200 pesos replicados (bootstrap Rao-Wu-Yue; mse; divisor R-1)
negra,renda,q3,ia_grave,45925,4.6327760591268445,4.307464751030473,4.981376817636376,3.1171892224384723,2.7945781792749655,3.475711388182387,1.5155868366883725,1.0687872180605689,1.962386455316176,1.4179636369604833,1.2532002870673642,1.6043890960536642,3.003220316877275e-08,C: 200 pesos replicados (bootstrap Rao-Wu-Yue; mse; divisor R-1)
mulher,renda,q3,ia_total,45925,35.92965133102832,35.08772307708314,36.780334820894986,30.500169361381584,29.536785337761216,31.480937012643935,5.429481969646732,4.235239126485057,6.6237248128084065,1.193289491714637,1.1507754575815479,1.2373741564050273,0.0,C: 200 pesos replicados (bootstrap Rao-Wu-Yue; mse; divisor R-1)
mulher,renda,q3,ia_grave,45925,4.173796870210211,3.85326679714463,4.519736518430945,4.014009928402807,3.6387020987393415,4.426250131090918,0.15978694180740424,-0.3379111495281412,0.6574850331429497,1.0836474698988892,0.9581783050566102,1.2255462608797907,0.20071691649193513,C: 200 pesos replicados (bootstrap Rao-Wu-Yue; mse; divisor R-1)
negra,renda,q4,ia_total,53439,22.04732591414676,21.362525161319727,22.747728601443338,15.705640237341637,14.96700902175227,16.4736614404221,6.341685676805123,5.408488257942509,7.274883095667736,1.3872526545623596,1.3168407125931867,1.4614295481497939,0.0,C: 200 pesos replicados (bootstrap Rao-Wu-Yue; mse; divisor R-1)
negra,renda,q4,ia_grave,53439,2.7380143772053875,2.4933905788620656,3.0058980903127193,1.5708308515943232,1.3741982990406711,1.795087242063394,1.167183525611064,0.8386900435583072,1.495677007663821,1.6412615805636028,1.3970883839214938,1.928109636323126,1.6514436484982298e-09,C: 200 pesos replicados (bootstrap Rao-Wu-Yue; mse; divisor R-1)
mulher,renda,q4,ia_total,53439,21.166699569142505,20.396699000959316,21.95775037088036,17.104689889373102,16.412512782548024,17.819835380788852,4.062009679769404,3.079903114000094,5.0441162455387145,1.251943042434923,1.1894147588622672,1.3177584772871564,0.0,C: 200 pesos replicados (bootstrap Rao-Wu-Yue; mse; divisor R-1)
mulher,renda,q4,ia_grave,53439,2.234165646216695,2.0187575763109065,2.4719785807791532,2.146062530740693,1.9040556498127188,2.418070447873459,0.08810311547600182,-0.25660748839286174,0.4328137193448654,1.0633579213873041,0.9090900474717615,1.2438042547289587,0.4423905755464632,C: 200 pesos replicados (bootstrap Rao-Wu-Yue; mse; divisor R-1)
negra,renda,q5,ia_total,31819,10.007817357842772,9.198754012832575,10.879514554877606,6.025574320091411,5.5524356565387585,6.536240290776277,3.9822430377513602,3.0906470836624256,4.873838991840295,1.6021521042615494,1.4358280654463418,1.7877428551250432,0.0,C: 200 pesos replicados (bootstrap Rao-Wu-Yue; mse; divisor R-1)
negra,renda,q5,ia_grave,31819,0.7195708227877131,0.5453133994126584,0.9489816775058004,0.23768261564222262,0.16911396409583182,0.3339599885715098,0.48188820714549047,0.2764073480186321,0.6873690662723488,2.5859847528459943,1.711547912046099,3.9071749583436963,6.419361329390583e-06,C: 200 pesos replicados (bootstrap Rao-Wu-Yue; mse; divisor R-1)
mulher,renda,q5,ia_total,31819,8.139672896825779,7.476554404935172,8.855975954407553,6.882195213840325,6.384257389048151,7.415893035247915,1.2574776829854541,0.5230948672409176,1.9918604987299908,1.2404307038079008,1.1261352571490104,1.3663263992326697,1.2509478120925621e-05,C: 200 pesos replicados (bootstrap Rao-Wu-Yue; mse; divisor R-1)
mulher,renda,q5,ia_grave,31819,0.4003623547129989,0.2960542883151606,0.5412215283029785,0.4124577780035682,0.30722573099884826,0.5535341457488,-0.01209542329056925,-0.16904393430245696,0.14485308772131844,1.1247303652524936,0.757143085028558,1.6707785087587421,0.5604708303452859,C: 200 pesos replicados (bootstrap Rao-Wu-Yue; mse; divisor R-1)
negra,instrucao,sem_fund,ia_total,71226,41.688914574416515,40.96566095897114,42.41576278820039,27.51709182165223,26.6563621983165,28.39485432608552,14.171822752764285,13.13975216396991,15.203893341558661,1.2846364875231044,1.2456609477238414,1.3248315346894561,0.0,C: 200 pesos replicados (bootstrap Rao-Wu-Yue; mse; divisor R-1)
negra,instrucao,sem_fund,ia_grave,71226,8.554368266054292,8.199283538635799,8.923335824170081,4.802437370866235,4.431424128024682,5.202821987929728,3.751930895188057,3.235229993189198,4.268631797186916,1.3976718710890155,1.2791315040811906,1.5271976751418321,1.318944953254686e-13,C: 200 pesos replicados (bootstrap Rao-Wu-Yue; mse; divisor R-1)
negra,instrucao,fund_med,ia_total,22411,38.50852551805659,37.40493737789342,39.62406247614913,23.56521282636163,22.332359914160794,24.84435425008465,14.943312691694954,13.344430062096743,16.542195321293164,1.3603756619329281,1.2847323819658794,1.4404727144400742,0.0,C: 200 pesos replicados (bootstrap Rao-Wu-Yue; mse; divisor R-1)
negra,instrucao,fund_med,ia_grave,22411,5.6561478252406205,5.17679570347847,6.176994761248779,3.125940010822889,2.700520475275934,3.615886387637452,2.5302078144177313,1.87364963970778,3.186765989127683,1.408490064639787,1.1853368065019374,1.6736544847903103,9.945136508160424e-05,C: 200 pesos replicados (bootstrap Rao-Wu-Yue; mse; divisor R-1)
negra,instrucao,medio_comp,ia_total,46319,30.69235217929631,29.93958534614274,31.455548057012862,20.57644180708793,19.72495170939768,21.454865172716296,10.115910372208381,8.935454375028778,11.296366369387984,1.215908673397959,1.1597288402110042,1.2748099821121928,4.440892098500626e-16,C: 200 pesos replicados (bootstrap Rao-Wu-Yue; mse; divisor R-1)
negra,instrucao,medio_comp,ia_grave,46319,3.519058567165164,3.214221644288759,3.8516557144857,1.8977015164031794,1.6340406577106499,2.202952638217976,1.6213570507619846,1.1798030619738478,2.0629110395501216,1.4210671543425546,1.1806433118380997,1.7104504272397627,0.00020243742482284333,C: 200 pesos replicados (bootstrap Rao-Wu-Yue; mse; divisor R-1)
negra,instrucao,superior,ia_total,33720,18.067889676842164,17.170802355554358,19.00109363792499,9.674785645177364,9.079902833839972,10.304225955228514,8.3931040316648,7.373788477788342,9.412419585541258,1.4224198694465169,1.3180990409198083,1.534997160444289,0.0,C: 200 pesos replicados (bootstrap Rao-Wu-Yue; mse; divisor R-1)
negra,instrucao,superior,ia_grave,33720,1.3592633003378236,1.1319034583649876,1.6315381560166795,0.5599333364982941,0.44362977269978754,0.7065110783926051,0.7993299638395296,0.5160941747106572,1.0825657529684019,1.5696367972573708,1.1480123406822431,2.1461090512669996,0.0047307027370540045,C: 200 pesos replicados (bootstrap Rao-Wu-Yue; mse; divisor R-1)
mulher,raca,nao_negra,ia_total,70207,22.512470485332475,21.80043986898549,23.240845326888383,15.915471642346034,15.311726627909488,16.538373541756222,6.59699884298644,5.782821265566335,7.4111764204065445,1.2356180088966637,1.1867652305367726,1.2864817949032827,0.0,C: 200 pesos replicados (bootstrap Rao-Wu-Yue; mse; divisor R-1)
mulher,raca,nao_negra,ia_grave,70207,2.7815803180330265,2.5564416004095576,3.025930676076933,2.0125444168320428,1.812279280958399,2.234436152362544,0.7690359012009835,0.45797192944546483,1.0800998729565021,1.1366770164097837,0.9978140723396268,1.294865121118954,0.05397380017737663,C: 200 pesos replicados (bootstrap Rao-Wu-Yue; mse; divisor R-1)
mulher,raca,negra,ia_total,103469,38.53145723085524,37.869568113253436,39.19761640015919,28.9248202028413,28.29420713881725,29.563693462310226,9.606637028013937,8.821724949277215,10.39154910675066,1.1692310966518051,1.1430970957256326,1.195962584884142,0.0,C: 200 pesos replicados (bootstrap Rao-Wu-Yue; mse; divisor R-1)
mulher,raca,negra,ia_grave,103469,6.044515395356162,5.788578375726092,6.311010414757763,4.666678536854169,4.39228733061331,4.957322475491948,1.377836858501992,1.0154464583724123,1.740227258631572,1.0747563447322328,1.0033664728493672,1.1512256307128994,0.039801835950386,C: 200 pesos replicados (bootstrap Rao-Wu-Yue; mse; divisor R-1)
